ga,bmi,eta,mean_y,mean_y_lo,mean_y_hi,p_cond,p_marg
10.0,30.208805577903597,-2.865692822594032,0.0538757811388549,0.040386562331796404,0.07153457621963566,0.9315134018555163,0.7147340489982168
10.1,30.208805577903597,-2.85804675166691,0.05426685779410204,0.04124514589010784,0.07109486422534068,0.9361907557045412,0.7200784312676942
10.2,30.208805577903597,-2.850400680739787,0.05466060921454929,0.04211734465929957,0.07066389361285298,0.9406157823888839,0.7254015638987321
10.3,30.208805577903597,-2.842754609812664,0.055057051307107585,0.04300260550106312,0.07024256536436184,0.9447965507341438,0.7307014187242666
10.4,30.208805577903597,-2.835108538885541,0.055456200038449706,0.043900177034856935,0.06983198388845928,0.9487413131944756,0.735975966677323
10.5,30.208805577903597,-2.8274624679584193,0.05585807143469445,0.04480905343710479,0.06943351321135131,0.9524584637490645,0.7412231810068016
10.6,30.208805577903597,-2.8198163970312966,0.05626268158108078,0.0457279000579417,0.06904885134573129,0.955956497446332,0.7464410405656312
10.7,30.208805577903597,-2.8121703261041744,0.056670046621630527,0.04665495446147768,0.06868012923111586,0.9592439717618604,0.7516275331622639
10.8,30.208805577903597,-2.8045242551770513,0.057080182758800876,0.04758789438243302,0.06833004275256649,0.9623294699124922,0.756780658965905
10.9,30.208805577903597,-2.796878184249929,0.05749310625312526,0.04852366168232666,0.06800202875434594,0.9652215662455846,0.761898433955235
11.0,30.208805577903597,-2.789232113322806,0.05790883342284364,0.04945822929238702,0.06770049806112423,0.9679287937992813,0.7669788933998632
11.1,30.208805577903597,-2.78166126293906,0.0583232492700701,0.05036767259922141,0.0674461628026241,0.9704355484752466,0.7719773558720444
11.2,30.208805577903597,-2.7742401943562354,0.0587321650175466,0.05122966693291189,0.067255505689161,0.9727326825712866,0.7768511370682559
11.3,30.208805577903597,-2.766967918645585,0.05913548853431613,0.052041995307242135,0.0671273816396285,0.9748373745711773,0.7816013501047563
11.4,30.208805577903597,-2.7598434468783624,0.05953313061496562,0.052802982537064294,0.067060356238928,0.9767655348656891,0.7862291905040488
11.5,30.208805577903597,-2.75286579012582,0.059925005006345504,0.0535116652315392,0.06705252679958479,0.9785318723523553,0.7907359299577726
11.6,30.208805577903597,-2.746033959459212,0.06031102843167582,0.054167954491424246,0.06710135052865629,0.9801499623528387,0.7951229101922056
11.7,30.208805577903597,-2.7393469659497907,0.060691120612064386,0.05477275970187952,0.06720351140380287,0.9816323147582754,0.7993915369505229
11.8,30.208805577903597,-2.732803820668811,0.061065204285465004,0.05532803971028725,0.06735485947279242,0.9829904415127839,0.8035432741046793
11.9,30.208805577903597,-2.726403534687524,0.061433205223106524,0.055836756569219534,0.06755044740743799,0.9842349227218306,0.80757963790854
12.0,30.208805577903597,-2.7201451190771846,0.06179505224342509,0.05630272664040355,0.06778466953341047,0.9853754708264129,0.8115021914026396
12.1,30.208805577903597,-2.7140275849090445,0.06215067722353504,0.05673038796213388,0.06805148445618016,0.9864209924175094,0.8153125389797542
12.2,30.208805577903597,-2.708049943254358,0.06250001510827428,0.057124521807569426,0.06834468338254404,0.9873796473795202,0.8190123211192908
12.3,30.208805577903597,-2.702211205184377,0.06284300391686419,0.05748997295373935,0.0686581596484598,0.9882589051482349,0.8226032092973701
12.4,30.208805577903597,-2.696510381770356,0.06317958474722295,0.05783140640236562,0.06898614174527133,0.9890655979499247,0.8260869010783757
12.5,30.208805577903597,-2.6909464840835473,0.0635097017779759,0.058153123198161974,0.06932336723398407,0.9898059709552234,0.8294651153927035
12.6,30.208805577903597,-2.6855185231952046,0.06383330226820529,0.0584589416694694,0.06966519125946667,0.9904857293361565,0.8327395880044293
12.7,30.208805577903597,-2.6802255101765806,0.06415033655498527,0.05875213806538441,0.07000763572809324,0.9911100822586022,0.8359120671716722
12.8,30.208805577903597,-2.6750664560989295,0.06446075804874786,0.059035433999751134,0.07034739177660615,0.9916837838770504,0.8389843095015215
12.9,30.208805577903597,-2.6700403720335038,0.06476452322652795,0.059311016539565824,0.07068178973276512,0.9922111714251193,0.8419580760005512
13.0,30.208805577903597,-2.665146269051557,0.0650615916231353,0.059580578319276024,0.07100874922422949,0.9926962005150893,0.8448351283211515
13.1,30.208805577903597,-2.6603831582243425,0.06535192582030362,0.059845367945570965,0.07132671920829887,0.9931424777738089,0.8476172252031678
13.2,30.208805577903597,-2.655750050623111,0.06563549143386704,0.060106243979991265,0.07163461467169281,0.9935532909516739,0.8503061191096575
13.3,30.208805577903597,-2.6512459573191185,0.06591225709901453,0.060363728350126905,0.07193175418494417,0.9939316366468203,0.8529035530549369
13.4,30.208805577903597,-2.6468698893836176,0.06618219445367578,0.06061805695370725,0.07221780058138083,0.9942802457889427,0.8554112576225399
13.5,30.208805577903597,-2.642620857887861,0.06644527812008924,0.060869226520227096,0.07249270572887549,0.9946016070268687,0.8578309481701594
13.6,30.208805577903597,-2.6384978739031015,0.0667014856846065,0.06111703759917103,0.07275665955684013,0.9948979881617578,0.8601643222182032
13.7,30.208805577903597,-2.6344999485005935,0.06695079767578589,0.06136113398734085,0.07301004305584585,0.9951714557639747,0.8624130570181676
13.8,30.208805577903597,-2.6306260927515885,0.06719319754082975,0.06160103909894554,0.07325338477468851,0.995423893106733,0.8645788072966761
13.9,30.208805577903597,-2.626875317727342,0.06742867162041827,0.06183618980811079,0.07348732031202218,0.9956570165438029,0.8666632031707016
14.0,30.208805577903597,-2.623246634499106,0.0676572091219956,0.06206596821138566,0.07371255438020585,0.995872390452234,0.8686678482292424
14.100000000000001,30.208805577903597,-2.6197390541381327,0.0678788020915614,0.06228973160997667,0.07392982516523494,0.9960714408543332,0.8705943177764792
14.2,30.208805577903597,-2.6163515877156773,0.06809344538402229,0.06250684082778538,0.07413987088864124,0.9962554678262736,0.872444157231264
14.3,30.208805577903597,-2.6130832463029905,0.0683011366321589,0.06271668678543997,0.07434339867152909,0.9964256567938112,0.8742188806776638
14.4,30.208805577903597,-2.609933040971328,0.0685018762142605,0.06291871506390866,0.07454105598593629,0.996583088808762,0.8759199695611537
14.5,30.208805577903597,-2.606899982791941,0.06869566722048397,0.06311244803455003,0.07473340513382642,0.9967287498932418,0.8775488715250153
14.600000000000001,30.208805577903597,-2.6039830828360833,0.06888251541798854,0.06329750402285465,0.07492090130209492,0.9968635395322393,0.8791069993814326
14.7,30.208805577903597,-2.601181352175009,0.06906242921490183,0.06347361292591758,0.07510387478762899,0.9969882783889374,0.8805957302118014
14.8,30.208805577903597,-2.5984938018799695,0.06923541962316981,0.06364062772582664,0.07528251796281661,0.9971037153113481,0.8820164045907759
14.9,30.208805577903597,-2.59591944302222,0.06940150022034304,0.06379853143180125,0.0754568774597399,0.9972105336932892,0.8833703259286267
15.0,30.208805577903597,-2.593457286673013,0.0695606871103534,0.06394743913089741,0.07562685190291209,0.9973093572475437,0.8846587599265758
15.100000000000001,30.208805577903597,-2.5911063439036,0.06971299888333174,0.06408759501103445,0.07579219533494078,0.9974007552441692,0.885882934139845
15.2,30.208805577903597,-2.5888656257852376,0.06985845657451883,0.06421936441170863,0.07595252628660584,0.9974852472624014,0.8870440376432869
15.3,30.208805577903597,-2.5867341433891755,0.06999708362232143,0.06434322113065176,0.07610734226844892,0.9975633075003848,0.8881432207945987
15.4,30.208805577903597,-2.584710907786669,0.07012890582556228,0.06445973034008755,0.07625603933432969,0.9976353686830695,0.8891815950902411
15.5,30.208805577903597,-2.5827949300489697,0.07025395129997582,0.06456952752769456,0.07639793630454646,0.9977018256050194,0.8901602331093792
15.600000000000001,30.208805577903597,-2.580984124207357,0.07037232220238311,0.06467330606649344,0.07653244405817577,0.9977630749961596,0.8910805912815203
15.7,30.208805577903597,-2.5792720161332063,0.07048441083424545,0.06477179447647222,0.07665955901421134,0.9978196216842101,0.8919457619284965
15.8,30.208805577903597,-2.5776510346579182,0.0705906856071062,0.06486565292395556,0.07677952175739942,0.997871961235694,0.8927591798366066
15.9,30.208805577903597,-2.576113608612894,0.07069161911760526,0.06495546098040762,0.07689267604239393,0.9979205473111333,0.8935242020144264
16.0,30.208805577903597,-2.574652166829535,0.07078768779043716,0.0650417271010957,0.07699945702183329,0.9979657967906395,0.8942441142147326
16.1,30.208805577903597,-2.57325913813924,0.0708793715508807,0.06512489764564014,0.07710038004342488,0.9980080942178564,0.8949221370326785
16.2,30.208805577903597,-2.5719269513734115,0.07096715352734277,0.065205365410817,0.07719603005121593,0.9980477956413388,0.8955614315663039
16.3,30.208805577903597,-2.570648035363451,0.0710515197843139,0.06528347768078406,0.0772870515907,0.9980852319208519,0.8961651046268386
16.4,30.208805577903597,-2.569414818940758,0.07113295908608737,0.06535954382010747,0.07737413939664702,0.9981207115562221,0.8967362134874957
16.5,30.208805577903597,-2.5682197309367334,0.07121196269155745,0.06543384244554366,0.07745802953132012,0.9981545230880525,0.8972777701606396
16.6,30.208805577903597,-2.567055200182779,0.07128902418037869,0.06550662821424369,0.07753949103860186,0.9981869371126249,0.8977927451943435
16.7,30.208805577903597,-2.5659136555102937,0.07136463931073947,0.06557813826346481,0.07761931808151523,0.9982182079475027,0.8982840709804506
16.8,30.208805577903597,-2.5647875257506807,0.07143930590897755,0.06564859832900781,0.0776983225381387,0.9982485749795934,0.8987546445673654
16.9,30.208805577903597,-2.5636692397353382,0.0715135237912496,0.06571822856009962,0.07777732703994557,0.9982782637235914,0.8992073299719472
17.0,30.208805577903597,-2.562551226295669,0.07158779471744751,0.06578724903700446,0.07785715844768251,0.9983074866157297,0.8996449599860303
17.1,30.208805577903597,-2.5614259142630735,0.0716626223775497,0.0658558849859349,0.07793864177129736,0.9983364435655202,0.9000703374743466
17.2,30.208805577903597,-2.560285732468952,0.07173851241058668,0.06592437167468353,0.07802259455127136,0.9983653222865904,0.9004862361619073
17.3,30.208805577903597,-2.559123109744706,0.07181597245640273,0.06599295896239343,0.07810982172848872,0.9983942984267546,0.9008954009102736
17.4,30.208805577903597,-2.5579304749217364,0.0718955122403994,0.06606191546885835,0.07820111103762761,0.9984235355170373,0.9013005474836054
17.5,30.208805577903597,-2.556700256831443,0.07197764369145712,0.06613153232385424,0.07829722896372569,0.9984531847594182,0.9017043618069076
17.6,30.208805577903597,-2.5554248843052263,0.0720628810932443,0.06620212645418622,0.07839891730438611,0.9984833846735469,0.9021094987205209
17.7,30.208805577903597,-2.5540967861744903,0.07215174126914495,0.0662740433678181,0.07850689037824893,0.9985142606234967,0.9025185802366251
17.8,30.208805577903597,-2.5527083912706323,0.07224474380105986,0.06634765939860998,0.07862183291622125,0.9985459242467479,0.9029341933053228
17.9,30.208805577903597,-2.551252128425054,0.07234241128236323,0.06642338338269459,0.07874439866447058,0.9985784728089082,0.9033588870997503
18.0,30.208805577903597,-2.549720426469157,0.07244526960533572,0.06650165774761917,0.07887520971815805,0.9986119885091415,0.9037951698316518
18.1,30.208805577903597,-2.5481057142343415,0.0725538482834309,0.06658295900722253,0.07901485659315134,0.9986465377627796,0.9042455051108818
18.200000000000003,30.208805577903597,-2.546400420552009,0.07266868080877681,0.06666779766802136,0.0791638990303029,0.9986821704890539,0.9047123078644318
18.3,30.208805577903597,-2.5445969742535577,0.07279030504536634,0.06675671756543679,0.07932286751454778,0.9987189194331978,0.9051979398327632
18.4,30.208805577903597,-2.5426878041703938,0.07291926365844063,0.06685029466007833,0.07949226547938748,0.9987567995532411,0.9057047046634739
18.5,30.208805577903597,-2.540665339133913,0.0730561045806356,0.0669491353337263,0.07967257215825539,0.9987958075025334,0.9062348426246514
18.6,30.208805577903597,-2.538522007975518,0.0732013815155182,0.06705387423220362,0.07986424603695402,0.9988359212392695,0.9067905249625922
18.700000000000003,30.208805577903597,-2.53625023952661,0.0733556544792184,0.06716517170592887,0.08006772885822643,0.998877099793973,0.9073738479310125
18.8,30.208805577903597,-2.53384246261859,0.07351949038093164,0.06728371090010246,0.08028345012870589,0.9989192832248673,0.9079868265212945
18.9,30.208805577903597,-2.531291106082857,0.07369346364315037,0.0674101945437054,0.08051183208177982,0.998962392789284,0.908631387925809
19.0,30.208805577903597,-2.5285885987508134,0.07387815686256834,0.06754534148120968,0.08075329505565819,0.9990063313565943,0.9093093647688701
19.1,30.208805577903597,-2.5257273694538593,0.07407416151269468,0.06768988298255935,0.08100826325488536,0.9990509840845707,0.9100224881424249
19.200000000000003,30.208805577903597,-2.522699847023397,0.07428207868930974,0.06784455885722625,0.08127717087383213,0.9990962193765242,0.910772380486139
19.3,30.208805577903597,-2.5194984602908246,0.07450251989999965,0.06801011338626257,0.08156046857331346,0.9991418901310207,0.9115605483541318
19.4,30.208805577903597,-2.5161156380875456,0.07473610789911246,0.06818729107446198,0.08185863031390904,0.9991878352894744,0.9123883751131894
19.5,30.208805577903597,-2.51254380924496,0.07498347756959678,0.06837683221187449,0.0821721605632843,0.9992338816795076,0.9132571136198948
19.6,30.208805577903597,-2.5087754025944675,0.07524527685329893,0.06857946822268383,0.08250160190673562,0.999279846143774,0.9141678789266757
19.700000000000003,30.208805577903597,-2.5048028469674697,0.07552216773142414,0.06879591676827657,0.08284754310231478,0.9993255379351158,0.9151216410693395
19.8,30.208805577903597,-2.500618571195368,0.07581482725699698,0.0690268765627106,0.08321062763136473,0.9993707613496795,0.9161192179911808
19.9,30.208805577903597,-2.4962150041095623,0.07612394864129407,0.06927302185231698,0.08359156280273379,0.9994153185602205,0.9171612686612152
20.0,30.208805577903597,-2.491584574541454,0.0764502423963642,0.06953499650787656,0.08399112947324319,0.9994590126025892,0.9182482864464594
20.1,30.208805577903597,-2.486721654725829,0.07679429975444448,0.06981324529747736,0.08441008530656176,0.9995016340660736,0.9193800039131134
20.200000000000003,30.208805577903597,-2.481628390511015,0.07715617581884429,0.07010753502088375,0.08484882640642344,0.999542925139847,0.9205536802882825
20.3,30.208805577903597,-2.4763088711487247,0.0775357950820833,0.07041746981757181,0.08530765880776144,0.9995826485822438,0.9217659751752553
20.4,30.208805577903597,-2.4707671858906695,0.07793308766409984,0.07074266821057357,0.0857868848501949,0.999620607158396,0.923013562666783
20.5,30.208805577903597,-2.4650074239885646,0.07834798887827407,0.0710827737724843,0.08628678945925583,0.9996566432653857,0.9242931419504921
20.6,30.208805577903597,-2.4590336746941217,0.07878043880253083,0.07143746455228092,0.08680762787494124,0.9996906378249298,0.9256014474206081
20.700000000000003,30.208805577903597,-2.4528500272590534,0.07923038185490815,0.07180646125021185,0.08734961483983171,0.9997225085320288,0.9269352582691476
20.8,30.208805577903597,-2.4464605709350735,0.07969776637301591,0.07218953411155118,0.08791291527684429,0.9997522075568178,0.9282914075324764
20.9,30.208805577903597,-2.439869394973893,0.08018254419684083,0.07258650850461262,0.0884976364934245,0.9997797188022641,0.9296667905720083
21.0,30.208805577903597,-2.433080588627226,0.08068467025438776,0.07299726915275986,0.08910382194598662,0.9998050548224444,0.9310583729708269
21.1,30.208805577903597,-2.4260982411467857,0.0812041021496822,0.0734217630027989,0.08973144658699944,0.9998282535050865,0.932463197831162
21.200000000000003,30.208805577903597,-2.418926441784283,0.08174079975268973,0.07386000072980471,0.09038041380069387,0.9998493746181523,0.9338783924608751
21.3,30.208805577903597,-2.4115692797914337,0.08229472479074106,0.0743120568988323,0.09105055391411984,0.999868496313825,0.9353011744404233
21.4,30.208805577903597,-2.4040308444199474,0.08286584044108668,0.07477806882371368,0.09174162425166836,0.9998857116747573,0.9367288570651402
21.5,30.208805577903597,-2.396315224921539,0.08345411092423181,0.07525823417961681,0.09245331068579332,0.9999011253772917,0.9381588541610315
21.6,30.208805577903597,-2.3884265105479208,0.0840595010977413,0.0757528074376028,0.09318523062608285,0.9999148505350642,0.9395886842756744
21.700000000000003,30.208805577903597,-2.3803687905508055,0.08468197605023024,0.07626209519335284,0.09393693738591782,0.9999270057744146,0.9410159742491168
21.8,30.208805577903597,-2.3721461541819058,0.08532150069529253,0.07678645045906092,0.09470792586995383,0.999937712580823,0.9424384621729401
21.9,30.208805577903597,-2.363762690692935,0.0859780393651493,0.07732626597520377,0.0954976395388866,0.9999470929435933,0.9438539997487903
22.0,30.208805577903597,-2.3552224893356053,0.08665155540383301,0.07788196657965989,0.09630547862788046,0.9999552673145925,0.9452605540606989
22.1,30.208805577903597,-2.3465296393616293,0.08734201075975344,0.07845400064447686,0.09713080962295419,0.9999623528863415,0.946656208778369
22.200000000000003,30.208805577903597,-2.337688230022721,0.08804936557752653,0.07904283055732705,0.09797297603350354,0.9999684621854017,0.9480391648112675
22.3,30.208805577903597,-2.328702350570592,0.08877357778897788,0.0796489221861892,0.09883131053816953,0.9999737019689804,0.9494077404358164
22.4,30.208805577903597,-2.3195760902569553,0.08951460270326546,0.08027273322305785,0.09970514862444964,0.9999781724061046,0.9507603709201996
22.5,30.208805577903597,-2.3103135383335247,0.09027239259609962,0.08091470025640045,0.10059384388894953,0.9999819665196217,0.9520956076732766
22.6,30.208805577903597,-2.3009187840520116,0.091046896298071,0.08157522437466633,0.1014967852127842,0.9999851698616609,0.9534121169458075
22.700000000000003,30.208805577903597,-2.2913959166641296,0.09183805878212892,0.08225465505434962,0.10241341607572874,0.9999878603929512,0.9547086781136326
22.8,30.208805577903597,-2.2817490254215915,0.0926458207502876,0.08295327203961742,0.10334325631921053,0.9999901085354228,0.9559841815736182
22.9,30.208805577903597,-2.2719821995761103,0.09347011821966898,0.08367126487769874,0.10428592671105898,0.9999919773676661,0.9572376262840621
23.0,30.208805577903597,-2.262099528379398,0.09431088210802441,0.08440870973985871,0.10524117669921527,0.9999935229339074,0.9584681169818582
23.1,30.208805577903597,-2.2521051010831683,0.09516803781891083,0.08516554313887584,0.10620891576018035,0.9999947946390082,0.9596748611090549
23.200000000000003,30.208805577903597,-2.2420030069391332,0.09604150482672966,0.08594153215852622,0.10718924874312301,0.9999958357043948,0.9608571654815065
23.3,30.208805577903597,-2.2317973351990066,0.09693119626186894,0.08673624085348156,0.10818251556714796,0.9999966836626281,0.9620144327321324
23.4,30.208805577903597,-2.2214921751145007,0.0978370184962227,0.08754899257734924,0.10918933552923658,0.9999973708713292,0.9631461575608669
23.5,30.208805577903597,-2.211091615937328,0.09875887072939284,0.0883788281760623,0.11021065630021519,0.9999979250302653,0.964251922822731
23.6,30.208805577903597,-2.2005997469192002,0.09969664457591135,0.08922446027514533,0.11124780739381229,0.9999983696884256,0.9653313954845961
23.700000000000003,30.208805577903597,-2.1900206573118326,0.10065022365385168,0.09008422432630316,0.11230255745584289,0.9999987247308013,0.9663843224801604
23.8,30.208805577903597,-2.1793584363669365,0.10161948317523048,0.09095602769525618,0.11337717410290776,0.9999990068372203,0.9674105264914424
23.9,30.208805577903597,-2.1686171733362265,0.10260428953862821,0.09183729889459856,0.1144744842165408,0.9999992299079576,0.9684099016837333
24.0,30.208805577903597,-2.157800957471413,0.10360449992449121,0.092724940088751,0.1155979315738511,0.9999994054528922,0.9693824094194651
24.1,30.208805577903597,-2.146913878024209,0.1046199618936019,0.09361528717226873,0.11675162751953796,0.9999995429427074,0.9703280739748612
24.200000000000003,30.208805577903597,-2.1359600242463284,0.10565051298923582,0.09450408291559126,0.11794038918903178,0.9999996501220384,0.9712469782815698
24.3,30.208805577903597,-2.1249434853894846,0.10669598034354959,0.09538646964314476,0.1191697588193011,0.9999997332855747,0.9721392597137524
24.4,30.208805577903597,-2.1138683507053893,0.10775618028876903,0.09625700830557887,0.12044599728385223,0.9999997975189489,0.9730051059393332
24.5,30.208805577903597,-2.102738709445755,0.10883091797377219,0.09710973019192522,0.12177604560133393,0.9999998469068213,0.9738447508523306
24.6,30.208805577903597,-2.091555870450718,0.10992025901573058,0.09793867002135552,0.12316750734731217,0.9999998847191053,0.9746587662148911
24.700000000000003,30.208805577903597,-2.0803100209141046,0.11102536434993548,0.09873983803810256,0.1246281165396608,0.9999999135705966,0.9754488749370167
24.8,30.208805577903597,-2.0689885676181636,0.11214770798585716,0.09951097239507413,0.12616433054382542,0.9999999355080801,0.976216944691804
24.9,30.208805577903597,-2.0575789173451455,0.1132888110018846,0.10025139386541301,0.1277809187713954,0.9999999521237587,0.9769646837588338
25.0,30.208805577903597,-2.0460684768772985,0.11445024300256863,0.10096205945531282,0.12948087813717857,0.9999999646547248,0.9776936498154172
10.0,31.8115975966851,-2.86368846293418,0.05397804113325358,0.040754710614727685,0.07117349106850672,0.9327643815893841,0.7159691191544514
10.1,31.8115975966851,-2.8574066875468156,0.054299716516471586,0.04155416808107327,0.07066636053438015,0.9365707481934022,0.7204708280581017
10.2,31.8115975966851,-2.851124912159451,0.05462319819744715,0.04236506986469788,0.07016827176092036,0.9402072464467711,0.7249599501242284
10.3,31.8115975966851,-2.844843136772086,0.05494849499700983,0.04318687734710471,0.06968002730126084,0.9436783511850586,0.7294350957199895
10.4,31.8115975966851,-2.8385613613847216,0.05527561576322975,0.044018871265099534,0.06920261416244222,0.9469886227207827,0.7338948697174389
10.5,31.8115975966851,-2.832279585997357,0.05560456937130029,0.044860100213976205,0.06873725529611138,0.9501426909731535,0.7383378732809074
10.6,31.8115975966851,-2.8259978106099926,0.05593536472341738,0.04570931219325698,0.06828547804364998,0.9531452400898976,0.7427627057060979
10.7,31.8115975966851,-2.819716035222628,0.05626801074865562,0.04656486304226422,0.06784920568833654,0.9560009936052596,0.7471679663070292
10.8,31.8115975966851,-2.813434259835264,0.05660251640284096,0.047424593434461634,0.06743088044546863,0.9587147001733889,0.7515522563466243
10.9,31.8115975966851,-2.8071524844478994,0.05693889066842023,0.04828566346344224,0.0670336288574193,0.9612911199114283,0.7559141810064116
11.0,31.8115975966851,-2.800870709060535,0.05727714255432698,0.049144331195678584,0.06666148321838213,0.9637350113817525,0.7602523513904857
11.1,31.8115975966851,-2.7945771121481475,0.05761792297881074,0.049981450061406855,0.06633966932577402,0.9660553603776959,0.7645722245198918
11.2,31.8115975966851,-2.788262918132448,0.057961730915539994,0.05077946619005895,0.06608912856097544,0.9682591820580958,0.7688773211707112
11.3,31.8115975966851,-2.781932695933536,0.058308343509806806,0.051536410196064635,0.06590828085156994,0.9703485724044757,0.7731634081983518
11.4,31.8115975966851,-2.775591014471512,0.05865753253510943,0.05225073217012578,0.06579537506482129,0.972325995684315,0.7774263320758676
11.5,31.8115975966851,-2.7692424426664726,0.059009064296599245,0.05292146328882973,0.0657483134827489,0.974194241410264,0.7816620274250339
11.6,31.8115975966851,-2.7628915494385216,0.05936269954353346,0.053548379705886315,0.06576447456475165,0.9759563816551128,0.7858665252300638
11.7,31.8115975966851,-2.7565429037077562,0.059718193391072795,0.054132139951009746,0.0658405627048696,0.977615729157788,0.7900359606802696
11.8,31.8115975966851,-2.7502010743942784,0.060075295251765956,0.05467436209714934,0.06597251866611756,0.979175796616112,0.7941665805899341
11.9,31.8115975966851,-2.743870630418185,0.06043374877707054,0.05517761203332181,0.06615551930690676,0.9806402575183286,0.7982547503462536
12.0,31.8115975966851,-2.7375561406995783,0.0607932918092604,0.05564529079257867,0.06638407861061417,0.9820129088185903,0.8022969603391799
12.1,31.8115975966851,-2.7312621741585565,0.06115365634407515,0.05608143251028483,0.06665223841130066,0.9832976357130009,0.8062898318305103
12.2,31.8115975966851,-2.7249932997152198,0.06151456850446518,0.05649044599251023,0.06695381581075013,0.9844983787235081,0.81023012222343
12.3,31.8115975966851,-2.718754086289668,0.06187574852578852,0.05687684334180761,0.06728266382073617,0.9856191032480772,0.814114729697998
12.4,31.8115975966851,-2.712549102802001,0.062236910752813505,0.057244995652244,0.06763290520531078,0.9866637716880894,0.8179406971826358
12.5,31.8115975966851,-2.706382918172317,0.06259776364887874,0.0575989422333119,0.06799911305515483,0.9876363182186875,0.8217052156365227
12.6,31.8115975966851,-2.700260101320718,0.06295800981755895,0.05794226326752287,0.06837642818524767,0.9885406262255485,0.8254056266228393
12.7,31.8115975966851,-2.6941852211673023,0.06331734603718059,0.05827801226860374,0.06876061698895411,0.9893805083928976,0.829039424157993
12.8,31.8115975966851,-2.6881628466321708,0.06367546330852383,0.05860869685650951,0.06914808123585874,0.9901596893929113,0.83260425582718
12.9,31.8115975966851,-2.682197546635422,0.06403204691604222,0.05893629387119794,0.06953583379800227,0.9908817910963255,0.836097923161924
13.0,31.8115975966851,-2.676293890097157,0.06438677650292046,0.05926228591799548,0.06992145322109529,0.991550320198185,0.8395183812803939
13.1,31.8115975966851,-2.670456445937475,0.06473932616028263,0.059587709179181256,0.0703030273178352,0.9921686581313285,0.8428637377963815
13.2,31.8115975966851,-2.6646897830764744,0.06508936453085083,0.059913205388068325,0.07067909290096581,0.9927400531232894,0.8461322510076787
13.3,31.8115975966851,-2.6589984704342564,0.06543655492734145,0.06023907352955259,0.07104857610780314,0.9932676142396626,0.8493223273792256
13.4,31.8115975966851,-2.6533870769309202,0.06578055546587373,0.060565318853668705,0.0714107357470049,0.9937543072483724,0.8524325183407095
13.5,31.8115975966851,-2.6478601714865655,0.06612101921464776,0.06089169817656424,0.07176511071179674,0.9942029521343716,0.8554615164222577
13.6,31.8115975966851,-2.642422323021292,0.06645759435813421,0.06121776131186212,0.07211147163645648,0.9946162220927384,0.858408150755434
13.7,31.8115975966851,-2.6370781004552004,0.06678992437699918,0.061542888961400415,0.07244977648771914,0.994996643829529,0.8612713819698788
13.8,31.8115975966851,-2.631832072708389,0.06711764824396846,0.0618663276149152,0.07278012956294141,0.9953465990036684,0.8640502965185963
13.9,31.8115975966851,-2.626688808700959,0.06744040063581416,0.062187222052814274,0.07310274332278052,0.9956683266492097,0.866744100467072
14.0,31.8115975966851,-2.62165287735301,0.06775781216162627,0.06250464597620611,0.07341790255646853,0.9959639264250663,0.8693521127830904
14.100000000000001,31.8115975966851,-2.616728847584639,0.06806950960750567,0.06281763114584381,0.07372593052042746,0.9962353625484069,0.8718737581652831
14.2,31.8115975966851,-2.6119212883159504,0.06837511619779263,0.0631251952258218,0.07402715687680947,0.996484468277965,0.874308559449101
14.3,31.8115975966851,-2.6072347684670394,0.06867425187291917,0.0634263683224303,0.07432188746368892,0.9967129508241918,0.8766561296290902
14.4,31.8115975966851,-2.6026738569580083,0.06896653358394275,0.06372021800166916,0.07461037613527281,0.9969223965741897,0.8789161635359798
14.5,31.8115975966851,-2.598243122708956,0.06925157560379552,0.06400587238333953,0.07489279909541915,0.9971142765304333,0.8810884292063601
14.600000000000001,31.8115975966851,-2.5939471346399827,0.06952898985524894,0.06428254076217206,0.07516923229454524,0.9972899518731829,0.8831727589814513
14.7,31.8115975966851,-2.5897904616711886,0.06979838625556523,0.06454953111682366,0.07543963254865572,0.9974506795670419,0.8851690403698576
14.8,31.8115975966851,-2.585777672722672,0.07005937307777407,0.06480626384673352,0.07570382305898274,0.9975976179421399,0.8870772067071782
14.9,31.8115975966851,-2.581913336714534,0.07031155732847866,0.06505228113013303,0.07596148395610944,0.9977318321898144,0.8888972276430092
15.0,31.8115975966851,-2.5782020225668734,0.07055454514206298,0.06528725141744528,0.07621214837002879,0.9978542997213272,0.8906290994832422
15.100000000000001,31.8115975966851,-2.57464829919979,0.07078794219113306,0.06551096874639535,0.07645520435379599,0.9979659153460109,0.8922728354126752
15.2,31.8115975966851,-2.5712567355333844,0.0710113541129915,0.06572334676210503,0.0766899027896444,0.9980674962322571,0.8938284556198834
15.3,31.8115975966851,-2.568031900487756,0.07122438695190401,0.06592440751751741,0.0769153712122454,0.9981597866208999,0.8952959773430569
15.4,31.8115975966851,-2.564978362983003,0.07142664761687888,0.06611426528536812,0.07713063332571471,0.9982434622657995,0.8966754048521737
15.5,31.8115975966851,-2.5621006919392273,0.07161774435463965,0.06629310570934374,0.0773346338920411,0.9983191345807988,0.8979667193794743
15.600000000000001,31.8115975966851,-2.55940109706844,0.07179744446096573,0.0664612601144843,0.07752649143022959,0.9983874130253184,0.8991707287079638
15.7,31.8115975966851,-2.556872351250305,0.07196614917094107,0.06661944543811038,0.07770624078172739,0.9984490679644593,0.9002915865327281
15.8,31.8115975966851,-2.554504868156396,0.07212442663629128,0.06676840140542303,0.07787424886981636,0.9985048350263743,0.9013341279457365
15.9,31.8115975966851,-2.5522890614582896,0.0722728546084088,0.06690879090073265,0.0780309918563646,0.9985553656295195,0.9023030111933847
16.0,31.8115975966851,-2.5502153448275595,0.07241201963643419,0.06704120905945225,0.07817704291389131,0.9986012387969528,0.9032027321727276
16.1,31.8115975966851,-2.5482741319357816,0.07254251630791952,0.0671661920895894,0.07831306039487393,0.9986429712688596,0.9040376382352102
16.2,31.8115975966851,-2.5464558364545313,0.0726649465334931,0.06728422576694762,0.07843977646364987,0.9986810261659216,0.9048119412744797
16.3,31.8115975966851,-2.5447508720553844,0.07277991887680228,0.06739575358718768,0.0785579862161891,0.9987158204150918,0.9055297300787278
16.4,31.8115975966851,-2.5431496524099155,0.07288804793088029,0.0675011845803222,0.07866853728971297,0.9987477311148875,0.9061949819311419
16.5,31.8115975966851,-2.5416425911897003,0.07298995374196011,0.0676009008051349,0.07877231995119058,0.9987771009884076,0.9068115734445608
16.6,31.8115975966851,-2.5402201020663133,0.07308626128164489,0.06769526454263115,0.07887025765135876,0.9988042430480312,0.9073832906184516
16.7,31.8115975966851,-2.53887259871133,0.07317759996823904,0.06778462520392824,0.07896329803369424,0.9988294445754324,0.907913838107972
16.8,31.8115975966851,-2.537590494796326,0.07326460323794998,0.0678693259585206,0.07905240439655138,0.9988529705035402,0.9084068476962435
16.9,31.8115975966851,-2.5363642039928753,0.07334790816658417,0.06794971007715042,0.07913854761765098,0.9988750662728773,0.9088658859621379
17.0,31.8115975966851,-2.535184139972555,0.07342815514228396,0.06802612697006016,0.07922269856293505,0.998895960222925,0.9092944611369342
17.1,31.8115975966851,-2.534040716406939,0.0735059875897875,0.06809893788824234,0.07930582101437104,0.9989158655694194,0.9096960291442233
17.2,31.8115975966851,-2.532924346967603,0.07358205174663393,0.06816852124314035,0.0793888651629624,0.9989349820105343,0.9100739988184563
17.3,31.8115975966851,-2.5318254453261226,0.07365699649169122,0.06823527749115971,0.07947276172182421,0.9989534969985028,0.9104317362986333
17.4,31.8115975966851,-2.530734425154073,0.07373147322634593,0.06829963352320517,0.0795584167199852,0.9989715867081742,0.9107725685948203
17.5,31.8115975966851,-2.5296417001230287,0.07380613580866588,0.0683620464983281,0.07964670703832895,0.9989894167301687,0.9110997863265241
17.6,31.8115975966851,-2.5285376839045646,0.07388164054082953,0.06842300706345474,0.0797384767459995,0.9990071425135048,0.9114166456334611
17.7,31.8115975966851,-2.5274127901702585,0.07395864621010852,0.06848304190969583,0.07983453428679893,0.9990249095807556,0.9117263692609494
17.8,31.8115975966851,-2.5262574325916827,0.07403781418369147,0.06854271562776194,0.07993565055301118,0.9990428535378073,0.9120321468240622
17.9,31.8115975966851,-2.5250620248404134,0.07411980855764787,0.06860263184141772,0.08004255786753854,0.9990610999000645,0.9123371342567781
18.0,31.8115975966851,-2.523816980588027,0.07420529636035592,0.06866343361576904,0.08015594987745266,0.9990797637573771,0.9126444524547174
18.1,31.8115975966851,-2.5225127135060963,0.07429494781074784,0.06872580315706829,0.08027648234212456,0.9990989493009464,0.9129571851225877
18.200000000000003,31.8115975966851,-2.5211396372661983,0.07438943663176824,0.06879046083885844,0.08040477478116216,0.9991187492369101,0.9132783758402347
18.3,31.8115975966851,-2.519688165539908,0.07448944041949551,0.06885816360602873,0.08054141293078795,0.9991392441130885,0.9136110243641787
18.4,31.8115975966851,-2.5181487119988013,0.07459564106843586,0.06892970282163069,0.0806869519442405,0.9991605015873926,0.9139580821846875
18.5,31.8115975966851,-2.516511690314452,0.07470872525357447,0.0690059016301225,0.08084192026328754,0.9991825756684857,0.9143224473618128
18.6,31.8115975966851,-2.514767514158436,0.07482938496984867,0.06908761191458472,0.08100682408445528,0.9992055059613492,0.9147069586673688
18.700000000000003,31.8115975966851,-2.512906597202329,0.0749583181298033,0.06917571092469744,0.08118215234474019,0.9992293169522348,0.9151143890635554
18.8,31.8115975966851,-2.5109193531177056,0.07509622922029108,0.06927109764655744,0.08136838215778049,0.9992540173689561,0.9155474385528015
18.9,31.8115975966851,-2.5087961955761418,0.07524383001919302,0.06937468897524697,0.0815659846422345,0.9992795996533863,0.916008726437433
19.0,31.8115975966851,-2.5065275382492107,0.07540184037326172,0.06948741573813738,0.08177543109761226,0.9993060395832278,0.9165007830319185
19.1,31.8115975966851,-2.5041037948084903,0.07557098903832135,0.06961021860042377,0.08199719950006998,0.9993332960794232,0.9170260408747257
19.200000000000003,31.8115975966851,-2.5015153789255544,0.07575201458320825,0.06974404386742226,0.08223178130830613,0.9993613112338288,0.9175868254912158
19.3,31.8115975966851,-2.498752704271978,0.07594566635898826,0.0698898391788997,0.08247968858990148,0.9993900105888299,0.9181853457634692
19.4,31.8115975966851,-2.495806184519338,0.07615270553515782,0.07004854907280139,0.08274146149713626,0.9994193036963289,0.9188236839675306
19.5,31.8115975966851,-2.492666233339208,0.07637390620471293,0.07022111037695007,0.0830176761411798,0.9994490849779115,0.9195037855432024
19.6,31.8115975966851,-2.4893232644031635,0.07661005656015954,0.07040844737059117,0.08330895293122172,0.999479234900961,0.9202274486662222
19.700000000000003,31.8115975966851,-2.4857676913827795,0.07686196014274096,0.07061146664216048,0.08361596546172836,0.9995096214770981,0.9209963136974361
19.8,31.8115975966851,-2.481989927949633,0.07713043716736909,0.07083105155593489,0.0839394500459695,0.9995401020796617,0.9218118525883523
19.9,31.8115975966851,-2.4779803877752973,0.07741632592597135,0.07106805623033256,0.08428021600502583,0.9995705255662202,0.9226753583272707
20.0,31.8115975966851,-2.473729484531348,0.0777204842721981,0.07132329892364411,0.08463915682985876,0.9996007346805708,0.9235879345149411
20.1,31.8115975966851,-2.469229972322151,0.0780436227897893,0.07159734161394372,0.08501714760902168,0.9996305537392703,0.9245498107483955
20.200000000000003,31.8115975966851,-2.4644839669832312,0.0783857958333344,0.07188985905767188,0.08541468336350823,0.9996597554241546,0.9255583739136819
20.3,31.8115975966851,-2.4594959247829062,0.07874689795831688,0.07220030834482596,0.0858321693655806,0.9996881234925712,0.9266103045993527
20.4,31.8115975966851,-2.454270301989489,0.07912683055466442,0.0725281579764192,0.0862700132909935,0.9997154713286751,0.9277022790263267
20.5,31.8115975966851,-2.448811554871298,0.07952550132757397,0.07287289975977111,0.08672861004538286,0.999741642561028,0.9288309811118332
20.6,31.8115975966851,-2.4431241396966477,0.0799428237857686,0.07323405962002152,0.08720832789443957,0.9997665109948889,0.929993114020921
20.700000000000003,31.8115975966851,-2.4372125127338533,0.08037871673639818,0.07361120730090022,0.08770949592296129,0.9997899799216468,0.9311854111727462
20.8,31.8115975966851,-2.431081130251234,0.0808331037858433,0.07400396488553627,0.08823239289175033,0.9998119808793176,0.9324046466720368
20.9,31.8115975966851,-2.4247344485171007,0.08130591284572734,0.07441201404391128,0.08877723758682937,0.9998324719463374,0.9336476451394466
21.0,31.8115975966851,-2.4181769237997743,0.08179707564348059,0.0748351019037579,0.08934418076685761,0.9998514356559948,0.9349112909179285
21.1,31.8115975966851,-2.4114130123675666,0.08230652723685075,0.0752730454488072,0.08993329880878766,0.9998688766208612,0.9361925366358437
21.200000000000003,31.8115975966851,-2.4044471704887953,0.08283420553178777,0.07572573436663843,0.09054458913483854,0.9998848189556804,0.9374884111111363
21.3,31.8115975966851,-2.397283854431776,0.08338005080318135,0.07619313229623646,0.09117796747730104,0.9998993035836572,0.9387960265846634
21.4,31.8115975966851,-2.3899275204648234,0.0839440052179647,0.07667527645820309,0.0918332670060155,0.9999123855052959,0.9401125852745282
21.5,31.8115975966851,-2.382382624856256,0.0845260123601431,0.07717227568296028,0.09251023931223712,0.999924131101278,0.941435385247077
21.6,31.8115975966851,-2.3746536238743867,0.08512601675734603,0.07768430688175486,0.09320855721414206,0.9999346155317992,0.9427618256040131
21.700000000000003,31.8115975966851,-2.3667449737875326,0.085743963408541,0.07821161002598549,0.0939278193296469,0.9999439202847444,0.944089410988829
21.8,31.8115975966851,-2.35866113086401,0.08637979731259071,0.07875448171162681,0.09466755635186143,0.9999521309145265,0.9454157554194527
21.9,31.8115975966851,-2.350406551372135,0.08703346299737373,0.07931326738362154,0.09542723896539933,0.9999593350027735,0.9467385854575644
22.0,31.8115975966851,-2.3419856915802217,0.08770490404923029,0.07988835228147799,0.09620628735616715,0.9999656203617062,0.9480557427284886
22.1,31.8115975966851,-2.333403007756587,0.08839406264253473,0.0804801511408462,0.09700408229449255,0.9999710734913311,0.9493651858088191
22.200000000000003,31.8115975966851,-2.3246629561695467,0.08910087906923879,0.0810890966481671,0.09781997780984833,0.9999757782927587,0.9506649915020179
22.3,31.8115975966851,-2.315769993087417,0.08982529126826763,0.08171562659887954,0.09865331552256418,0.9999798150322567,0.9519533555250508
22.4,31.8115975966851,-2.306728574778513,0.09056723435469378,0.08236016965505821,0.09950344075307749,0.9999832595441674,0.9532285926317277
22.5,31.8115975966851,-2.297543157511152,0.09132664014865245,0.08302312953880668,0.10036972058921113,0.9999861826556757,0.9544891362007238
22.6,31.8115975966851,-2.288218197553647,0.09210343670400585,0.08370486743556366,0.10125156415440228,0.9999886498125625,0.9557335373183045
22.700000000000003,31.8115975966851,-2.278758151174315,0.09289754783679975,0.08440568231879099,0.10214844538276595,0.999990720882514,0.9569604633874927
22.8,31.8115975966851,-2.269167474641474,0.09370889265360186,0.08512578884956933,0.10305992866484597,0.999992450111163,0.9581686962968656
22.9,31.8115975966851,-2.2594506242234385,0.0945373850798484,0.08586529245531663,0.10398569777720984,0.9999938862056917,0.9593571301832649
23.0,31.8115975966851,-2.2496120561885227,0.09538293338836636,0.08662416115936697,0.1049255885414106,0.9999950725213802,0.960524768823515
23.1,31.8115975966851,-2.239656226805044,0.09624543972828006,0.08740219372918245,0.10587962566148564,0.9999960473277646,0.9616707226907393
23.200000000000003,31.8115975966851,-2.2295875923413178,0.09712479965455154,0.08819898375074663,0.10684806414903364,0.9999968441329168,0.9627942057110549
23.3,31.8115975966851,-2.2194106090656613,0.09802090165844099,0.08901387934343825,0.10783143563762945,0.9999974920465903,0.9638945317563327
23.4,31.8115975966851,-2.2091297332463884,0.0989336266992173,0.08984593843371243,0.10883059968357381,0.9999980161654601,0.9649711109083386
23.5,31.8115975966851,-2.1987494211518164,0.09986284773748294,0.09069387984384328,0.10984679981128678,0.999998437966262,0.9660234455289382
23.6,31.8115975966851,-2.1882741290502588,0.10080842927052071,0.09155603096865017,0.11088172354395098,0.9999987756952048,0.9670511261701848
23.700000000000003,31.8115975966851,-2.177708313210034,0.1017702268701031,0.09243027355016988,0.11193756492177928,0.9999990447444863,0.9680538273570174
23.8,31.8115975966851,-2.1670564298994566,0.10274808672324666,0.0933139900463256,0.11301708702285417,0.9999992580090141,0.9690313032740167
23.9,31.8115975966851,-2.156322935386843,0.10374184517642514,0.09420401431670497,0.1141236807728179,0.9999994262184775,0.9699833833862144
24.0,31.8115975966851,-2.145512285940509,0.10475132828379462,0.09509659173801138,0.11526141493838854,0.9999995582416908,0.9709099680223493
24.1,31.8115975966851,-2.134628937828769,0.10577635136001513,0.09598735522358245,0.11643507083582573,0.9999996613616309,0.971811023947244
24.200000000000003,31.8115975966851,-2.1236773473199406,0.10681671853828688,0.09687132462352283,0.11765015428085009,0.9999997415208147,0.9726865799481579
24.3,31.8115975966851,-2.11266197068234,0.10787222233425192,0.09774293714474772,0.11891287714111079,0.999999803537629,0.9735367224580821
24.4,31.8115975966851,-2.101587264184281,0.10894264321643979,0.09859611520275173,0.12023010207665598,0.999999851294943,0.9743615912369996
24.5,31.8115975966851,-2.0904576840940803,0.11002774918396507,0.09942437504708818,0.1216092471201819,0.9999998879028489,0.9751613751301688
24.6,31.8115975966851,-2.0792748450990435,0.11112757603826708,0.10022154023576688,0.12305808803006871,0.9999999158438554,0.9759365972037574
24.700000000000003,31.8115975966851,-2.0680289955624303,0.11224328871594469,0.10098416937421424,0.12458377112202516,0.9999999370969553,0.9766889100146185
24.8,31.8115975966851,-2.0567075422664898,0.11337637401225775,0.10171101042969706,0.1261917023760412,0.9999999532062827,0.9774201100374978
24.9,31.8115975966851,-2.0452978919934717,0.1145283660541117,0.10240266249142828,0.12788532842933403,0.9999999653691356,0.978131839900159
25.0,31.8115975966851,-2.0337874515256247,0.11570084775775458,0.10306151217222956,0.129666169071101,0.9999999745127387,0.9788255969561517
10.0,33.92623703353835,-3.0992401883110743,0.04313860731081203,0.030370819186124203,0.060936605601422784,0.6462565804540942,0.5569065607963134
10.1,33.92623703353835,-3.0837445463006694,0.04378277870720247,0.03134396239358613,0.06084784100848721,0.6732872597776216,0.56821751054667
10.2,33.92623703353835,-3.068248904290264,0.04443612254668042,0.03234424842033725,0.06076466457644731,0.6994375912609041,0.5795444148774661
10.3,33.92623703353835,-3.052753262279859,0.04509875601937972,0.03337176484593476,0.060687941518387974,0.7245989880170282,0.5908764493072706
10.4,33.92623703353835,-3.0372576202694543,0.0457707974093564,0.034426430096297526,0.06061872914393618,0.7486774976903392,0.6022025762865092
10.5,33.92623703353835,-3.0217619782590495,0.0464523660921619,0.03550793992262709,0.060558330584984846,0.7715947090156954,0.6135115783835715
10.6,33.92623703353835,-3.0062663362486446,0.04714358253191929,0.036615695936674963,0.06050836643979721,0.7932882899019097,0.6247920935303175
10.7,33.92623703353835,-2.9907706942382397,0.04784456827788651,0.03774870946512168,0.060470871070374396,0.8137121595885823,0.6360326521727429
10.8,33.92623703353835,-2.975275052227835,0.04855544596049038,0.03890547136636073,0.0604484229072642,0.8328363088893902,0.6472217161482454
10.9,33.92623703353835,-2.95977941021743,0.049276339286814824,0.04008377499650177,0.06044432157237275,0.8506462929015175,0.6583477190871859
11.0,33.92623703353835,-2.944283768207025,0.05000737303552659,0.041280475314281376,0.06046282882733183,0.8671424294529784,0.6693991081135919
11.1,33.92623703353835,-2.9290460562421132,0.05073624916357847,0.04246505068285897,0.06051666537698619,0.8820963067360429,0.6801910046249562
11.2,33.92623703353835,-2.9143174365033624,0.05145032229602836,0.04360671851621207,0.0606153486775558,0.895379410979019,0.6905510353045704
11.3,33.92623703353835,-2.9000877571935377,0.052149225097634304,0.044701298140205036,0.060759165183852146,0.9071492273614907,0.7004872665125488
11.4,33.92623703353835,-2.8863468665154035,0.05283262779123304,0.04574505558049051,0.06094818561056054,0.9175567448610363,0.7100087315795046
11.5,33.92623703353835,-2.8730846126717235,0.05350023820430925,0.046734876830373175,0.061182099574453745,0.926744346326491,0.7191252733259966
11.6,33.92623703353835,-2.8602908438652648,0.054151801705742235,0.047668457493798326,0.061460031973616734,0.934844486523498,0.7278473986562802
11.7,33.92623703353835,-2.8479554082987897,0.05478710103794627,0.048544485565035,0.061780364349589174,0.9419789996053969,0.7361861453291155
11.8,33.92623703353835,-2.8360681541750643,0.055405956049867304,0.04936278458681735,0.06214059402426546,0.9482588927793287,0.7441529608087069
11.9,33.92623703353835,-2.8246189296968516,0.05600822333650439,0.050124381767319474,0.06253726648797234,0.9537845018132927,0.7517595929348219
12.0,33.92623703353835,-2.8135975830669175,0.056593795790779985,0.050831474184591836,0.06296600798701321,0.9586459039837213,0.759017992019625
12.1,33.92623703353835,-2.802993962488026,0.05716260207370421,0.05148728592349714,0.06342166555967906,0.9629235034192494,0.7659402238766909
12.2,33.92623703353835,-2.7927979161629417,0.05771460600885455,0.052095833773962125,0.06389853700001248,0.9666887215242681,0.7725383932115744
12.3,33.92623703353835,-2.7829992922944293,0.05824980590723765,0.05266163930169008,0.06439065305757262,0.9700047407230487,0.7788245767500508
12.4,33.92623703353835,-2.773587939085253,0.05876823382860738,0.0531894329937204,0.06489206629867869,0.9729272629564113,0.7848107654464274
12.5,33.92623703353835,-2.764553704738178,0.059269954785292435,0.05368389039785734,0.06539710684400774,0.9755052552243864,0.7905088150972176
12.6,33.92623703353835,-2.755886437455968,0.05975506589453644,0.05414942547137791,0.06590057990474052,0.9777816631775215,0.7959304046821564
12.7,33.92623703353835,-2.747575985441389,0.06022369548527762,0.05459004980063283,0.06639789659484421,0.9797940805686701,0.8010870017624796
12.8,33.92623703353835,-2.739612196897204,0.060676002165195995,0.05500929336056687,0.06688514248953523,0.9815753675667968,0.8059898342833043
12.9,33.92623703353835,-2.731984920026179,0.06111217385373656,0.05541017515985012,0.06735909572139478,0.9831542147831199,0.8106498681508101
13.0,33.92623703353835,-2.7246840030310784,0.06153242678667915,0.055795209886192874,0.0678172086336801,0.9845556526260678,0.815077789983973
13.1,33.92623703353835,-2.717699294114666,0.06193700449767161,0.05616643775855046,0.06825756591381096,0.9858015075135355,0.8192839944732984
13.2,33.92623703353835,-2.711020641479706,0.06232617678197569,0.05652546742872781,0.06867882948904272,0.9869108077238828,0.8232785758140755
13.3,33.92623703353835,-2.704637893328964,0.06270023864749638,0.056873524711278337,0.06908017752388532,0.9879001424228667,0.8270713227180253
13.4,33.92623703353835,-2.6985408978652043,0.06305950925797724,0.05721150249582943,0.0694612422770338,0.9887839777933488,0.8306717165439754
13.5,33.92623703353835,-2.6927195032911917,0.06340433087304716,0.057540009173935584,0.06982204959061468,0.9895749343220819,0.8340889321246032
13.6,33.92623703353835,-2.6871635578096895,0.0637350677896041,0.05785941429411452,0.07016296139573944,0.9902840292438764,0.8373318409018567
13.7,33.92623703353835,-2.6818629096234643,0.06405210528881347,0.05816989104530834,0.07048462172432718,0.9909208879694777,0.8404090160178601
13.8,33.92623703353835,-2.6768074069352785,0.06435584859279249,0.0584714556830754,0.0707879061956901,0.9914939280754667,0.8433287390407149
13.9,33.92623703353835,-2.6719868979478996,0.06464672183483933,0.05876400426382335,0.0710738746879242,0.9920105191459515,0.8460990080353026
14.0,33.92623703353835,-2.6673912308640895,0.06492516704685997,0.059047347123062616,0.07134372682628143,0.9924771214506625,0.848727546717931
14.100000000000001,33.92623703353835,-2.6630102538866134,0.06519164316743324,0.05932124148498748,0.07159875996225598,0.9928994061387502,0.8512218144602761
14.2,33.92623703353835,-2.658833815218238,0.06544662507375268,0.059585422463360634,0.07184032943776793,0.9932823593331054,0.8535890169326246
14.3,33.92623703353835,-2.6548517630617243,0.06569060264047945,0.05983963254013334,0.07206981109579232,0.9936303722331427,0.8558361171988709
14.4,33.92623703353835,-2.651053945619839,0.065924079828342,0.060083649410876405,0.07228856619015366,0.9939473190785922,0.8579698470961562
14.5,33.92623703353835,-2.647430211095346,0.06614757380512841,0.06031731188976486,0.07249790903773169,0.9942366245946536,0.8599967187505682
14.600000000000001,33.92623703353835,-2.6439704076910107,0.06636161410152717,0.060540543391324586,0.07269907792664325,0.9945013223301642,0.8619230360969781
14.7,33.92623703353835,-2.640664383609597,0.06656674180409497,0.06075337237420334,0.07289320992101392,0.994744105114567,0.8637549062860879
14.8,33.92623703353835,-2.6375019870538696,0.06676350878745523,0.06095594906090999,0.07308132026990548,0.994967368695144,0.8654982508751384
14.9,33.92623703353835,-2.6344730662265934,0.06695247698766765,0.061148557749516684,0.07326428712199075,0.9951732494716222,0.8671588167106832
15.0,33.92623703353835,-2.6315674693305335,0.06713421771855174,0.06133162411132401,0.07344284216614123,0.9953636571190821,0.8687421864224623
15.100000000000001,33.92623703353835,-2.6287750445684526,0.06730931103259946,0.06150571701409379,0.07361756766953668,0.9955403027803089,0.8702537884568576
15.2,33.92623703353835,-2.6260856401431174,0.06747834512797277,0.06167154460333868,0.0737889001895899,0.9957047234135743,0.8716989065868037
15.3,33.92623703353835,-2.6234891042572905,0.06764191580295481,0.061829944585522115,0.0739571410226533,0.995858302799671,0.8730826888425182
15.4,33.92623703353835,-2.620975285113738,0.06780062595910018,0.06198186885271617,0.07412247325538897,0.9960022896413112,0.8744101558140559
15.5,33.92623703353835,-2.618534030915223,0.06795508515422427,0.06212836273727957,0.07428498513469574,0.9961378131273722,0.8756862082826951
15.600000000000001,33.92623703353835,-2.6161559085242576,0.06810586359475009,0.06227046549042703,0.074444687408829,0.9962658581703563,0.8769153320937557
15.7,33.92623703353835,-2.613834359442332,0.06825335422371329,0.062408922610949116,0.07460155309208036,0.9963871713925205,0.8781007123934865
15.8,33.92623703353835,-2.6115635438306826,0.06839790802615645,0.06254432993133563,0.074755640985576,0.9965023994322897,0.8792451690517775
15.9,33.92623703353835,-2.6093376218505466,0.0685398792954627,0.0626772049105507,0.07490710970349726,0.996612135050687,0.8803514650996597
16.0,33.92623703353835,-2.6071507536631593,0.06867962549478822,0.0628079952638204,0.07505620711036508,0.9967169220527404,0.8814223092315814
16.1,33.92623703353835,-2.604997099429758,0.06881750713582696,0.06293708744282807,0.07520325999858109,0.9968172596106228,0.8824603580934836
16.2,33.92623703353835,-2.602870819311581,0.06895388767515737,0.06306481487784778,0.07534866409896189,0.996913606052859,0.8834682183471152
16.3,33.92623703353835,-2.6007660734698637,0.06908913342840525,0.06319146593353822,0.07549287447625563,0.9970063821769677,0.8844484485021935
16.4,33.92623703353835,-2.598677022065843,0.06922361350244577,0.06331729155634028,0.07563639633505914,0.9970959741369074,0.8854035605091445
16.5,33.92623703353835,-2.5965978252607553,0.06935769974585845,0.06344251260783682,0.07577977624468975,0.9971827359515286,0.8863360211062674
16.6,33.92623703353835,-2.5945226432158375,0.06949176671784088,0.06356732688605768,0.07592359378361037,0.9972669916758309,0.8872482529162299
16.7,33.92623703353835,-2.592445636092326,0.0696261916757817,0.06369191583859252,0.07606845360173649,0.9973490372730712,0.8881426352878684
16.8,33.92623703353835,-2.590360964051458,0.06976135458169047,0.0638164509682158,0.07621497790184857,0.9974291422226024,0.8890215048803178
16.9,33.92623703353835,-2.5882627872544695,0.06989763812768103,0.06394109992605908,0.07636379934668695,0.997507550895664,0.889887155987537
17.0,33.92623703353835,-2.5861452658625983,0.07003542778070526,0.06406603227970048,0.07651555440575283,0.9975844837291256,0.8907418406023486
17.1,33.92623703353835,-2.5840025600370797,0.07017511184673965,0.06419142493584935,0.07667087716327417,0.9976601382253396,0.8915877682201723
17.2,33.92623703353835,-2.5818288299391505,0.0703170815546298,0.0643174671896241,0.07683039361634325,0.9977346898047326,0.8924271053836823
17.3,33.92623703353835,-2.579618235730049,0.07046173115980876,0.06444436536692594,0.07699471649751279,0.9978082925364921,0.8932619749707119
17.4,33.92623703353835,-2.577364937571011,0.07060945806811345,0.06457234702226629,0.07716444066023453,0.997881079771638,0.8940944552288119
17.5,33.92623703353835,-2.5750630956232725,0.07076066297993609,0.06470166465381431,0.07734013906594744,0.997953164701847,0.8949265785609767
17.6,33.92623703353835,-2.5727068700480697,0.07091575005496284,0.06483259889887277,0.07752235941020554,0.998024640866572,0.8957603300681787
17.7,33.92623703353835,-2.5702904210066424,0.07107512709776775,0.06496546117810117,0.07771162142005222,0.9980955826302204,0.8965976458554938
17.8,33.92623703353835,-2.5678079086602237,0.0712392057645519,0.06510059576426612,0.07790841484741354,0.9981660456503669,0.8974404111097601
17.9,33.92623703353835,-2.5652534931700517,0.07140840179133448,0.06523838126098595,0.07811319817363988,0.9982360673571362,0.8982904579578728
18.0,33.92623703353835,-2.562621334697364,0.07158313524393257,0.06537923148812039,0.07832639802924304,0.9983056674629485,0.8991495631160287
18.1,33.92623703353835,-2.5599055934033954,0.07176383079008801,0.06552359578254931,0.07854840932085409,0.9983748485207345,0.9000194453414204
18.200000000000003,33.92623703353835,-2.5571004294493838,0.07195091799412986,0.06567195873464703,0.07877959604603618,0.9984435965474496,0.9009017626990936
18.3,33.92623703353835,-2.554200002996565,0.07214483163459393,0.06582483939132812,0.07902029276620576,0.9985118817282207,0.901798109657919
18.4,33.92623703353835,-2.551198474206178,0.0723460120452511,0.06598278996530263,0.07927080669934822,0.9985796592147049,0.9027100140308415
18.5,33.92623703353835,-2.5480900032394564,0.07255490548003596,0.06614639409639464,0.07953142038824876,0.9986468700292013,0.903638933775827
18.6,33.92623703353835,-2.544868750257639,0.07277196450240117,0.06631626471395441,0.07980239489706914,0.9987134420837263,0.9045862536751371
18.700000000000003,33.92623703353835,-2.5415288754219616,0.07299764839966953,0.06649304154943282,0.0800839734894047,0.9987792913206197,0.9055532819118267
18.8,33.92623703353835,-2.538064538893661,0.07323242362299415,0.06667738834542124,0.08037638574401641,0.9988443229783041,0.9065412465635669
18.9,33.92623703353835,-2.534469900833974,0.0734767642535863,0.06686998980121704,0.08067985207112136,0.9989084329825839,0.9075512920351215
19.0,33.92623703353835,-2.530739121404137,0.07373115249591793,0.06707154828656287,0.0809945886009279,0.9989715094603766,0.9085844754520163
19.1,33.92623703353835,-2.526866360765387,0.0739960791986572,0.06728278034434894,0.08132081242743659,0.9990334343690502,0.9096417630391165
19.200000000000003,33.92623703353835,-2.522845779078961,0.07427204440414939,0.06750441299060378,0.08165874720347888,0.9990940852306714,0.9107240265089923
19.3,33.92623703353835,-2.518671536506094,0.0745595579273119,0.0677371798062243,0.08200862909738918,0.9991533369565041,0.9118320394860768
19.4,33.92623703353835,-2.5143377932080258,0.07485913996486962,0.06798181680039961,0.08237071313674381,0.999211063743148,0.9129664739937013
19.5,33.92623703353835,-2.50983870934599,0.07517132173592211,0.06823905801030204,0.0827452799806528,0.9992671410178593,0.9141278970321418
19.6,33.92623703353835,-2.5051684450812246,0.07549664615489325,0.06850963078673585,0.08313264317755562,0.9993214474069804,0.9153167672767702
19.700000000000003,33.92623703353835,-2.5003211605749662,0.07583566853798505,0.0687942507003391,0.08353315698130108,0.9993738666981492,0.9165334319263236
19.8,33.92623703353835,-2.4952910159884523,0.07618895734432447,0.06909361598861156,0.08394722481335219,0.9994242897641937,0.9177781237321243
19.9,33.92623703353835,-2.490072171482918,0.07655709495306401,0.0694084014511438,0.08437530847258673,0.9994726164144921,0.9190509582398111
20.0,33.92623703353835,-2.4846587872196007,0.07694067847777146,0.06973925168900236,0.08481793820641945,0.9995187571382278,0.9203519312757547
20.1,33.92623703353835,-2.479046552082022,0.07734021153181034,0.07008660907210068,0.08527568215930593,0.9995626232769115,0.9216804635178949
20.200000000000003,33.92623703353835,-2.4732372698428478,0.0777557735605287,0.07045022372904239,0.08574901021523361,0.9996041022416793,0.9230340928762759
20.3,33.92623703353835,-2.4672342729970254,0.07818733995182885,0.07082966824412036,0.08623837805196245,0.9996431057585642,0.9244099308350191
20.4,33.92623703353835,-2.461040894039504,0.0786348898102799,0.07122451534918707,0.08674424992811831,0.9996795812559852,0.9258051360237792
20.5,33.92623703353835,-2.454660465465234,0.07909840565852752,0.07163434837525395,0.08726708533614028,0.9997135092423042,0.9272169211754661
20.6,33.92623703353835,-2.448096319769165,0.07957787314041505,0.0720587709082782,0.08780732665427424,0.9997449003522703,0.9286425596427508
20.700000000000003,33.92623703353835,-2.441351789446245,0.08007328072546518,0.07249741564328144,0.08836538780465034,0.9997737921522152,0.9300793914591344
20.8,33.92623703353835,-2.434430206991425,0.0805846194143916,0.07294995239158637,0.08894164396511928,0.9998002457916578,0.9315248289327471
20.9,33.92623703353835,-2.4273349048996526,0.08111188244532998,0.07341609516764247,0.08953642241189043,0.9998243425846958,0.9329763617635279
21.0,33.92623703353835,-2.4200692156658787,0.08165506500049335,0.07389560826277553,0.09014999459043455,0.9998461805984881,0.9344315616769532
21.1,33.92623703353835,-2.4126364717850524,0.08221416391298063,0.07438831120592089,0.09078256952038666,0.9998658713185645,0.9358880865700737
21.200000000000003,33.92623703353835,-2.405040005752121,0.0827891773734811,0.07489408251284169,0.09143428863989697,0.9998835364519812,0.9373436841681851
21.3,33.92623703353835,-2.3972831500620377,0.08338010463663924,0.07541286213590305,0.09210522218528576,0.9998993049198163,0.9387961951930456
21.4,33.92623703353835,-2.3893692372097477,0.08398694572686444,0.0759446525428584,0.09279536718651073,0.9999133100805259,0.9402435560461023
21.5,33.92623703353835,-2.3813015996902034,0.08460970114338345,0.07648951837346012,0.093504647139532,0.9999256872155904,0.9416838010126602
21.6,33.92623703353835,-2.373083569998352,0.08524837156436092,0.07704758464398573,0.09423291339629516,0.9999365712989877,0.9431150639953613
21.700000000000003,33.92623703353835,-2.3647184806291444,0.08590295754992393,0.07761903348903523,0.09497994829462596,0.9999460950626178,0.944535579787626
21.8,33.92623703353835,-2.35620966407753,0.08657345924395257,0.07820409944450789,0.09574547003661223,0.99995438736111,0.9459436848999219
21.9,33.92623703353835,-2.3475604528384575,0.0872598760745136,0.07880306328356189,0.09652913931687954,0.9999615718316628,0.9473378179537512
22.0,33.92623703353835,-2.338774179406876,0.08796220645283581,0.07941624441679865,0.09733056770342284,0.9999677658378303,0.9487165196601578
22.1,33.92623703353835,-2.3298541762777343,0.08868044747074547,0.08004399185820264,0.09814932778398022,0.9999730796805877,0.9500784324012661
22.200000000000003,33.92623703353835,-2.3208037759459836,0.08941459459649906,0.08068667373912682,0.09898496511075022,0.9999776160555987,0.9514222994349043
22.3,33.92623703353835,-2.311626310906572,0.09016464136897254,0.08134466532470815,0.0998370120046395,0.9999814697323862,0.9527469637437119
22.4,33.92623703353835,-2.3023251136544487,0.09093057909018382,0.0820183354516453,0.10070500331606028,0.9999847274290111,0.954051366551269
22.5,33.92623703353835,-2.2929035166845644,0.09171239651614858,0.08270803126455332,0.10158849428140662,0.999987467854821,0.955334545528732
22.6,33.92623703353835,-2.2833648524918666,0.09251007954608895,0.08341406108366206,0.10248708065894331,0.9999897618937282,0.9565956327161925
22.700000000000003,33.92623703353835,-2.273712453571305,0.09332361091003392,0.08413667519092694,0.10340042137380043,0.9999916729011905,0.9578338521834944
22.8,33.92623703353835,-2.2639496524178306,0.09415296985487427,0.08487604428069496,0.10432826394269303,0.9999932570894433,0.959048517455583
22.9,33.92623703353835,-2.2540797815263915,0.09499813182895389,0.08563223528931106,0.1052704729807113,0.9999945639774506,0.9602390287275764
23.0,33.92623703353835,-2.244106173391937,0.09585906816530042,0.08640518430317759,0.10622706210734296,0.9999956368843256,0.9614048698946864
23.1,33.92623703353835,-2.2340321605094164,0.0967357457636206,0.08719466625858363,0.10719822955474821,0.9999965134475165,0.9625456054218761
23.200000000000003,33.92623703353835,-2.223861075373779,0.09762812677120608,0.08800026120139,0.10818439772628084,0.999997226149706,0.9636608770777225
23.3,33.92623703353835,-2.2135962504799753,0.09853616826291753,0.08882131699067898,0.10918625683671693,0.9999978028410511,0.9647504005563817
23.4,33.92623703353835,-2.2032410183229536,0.0994598219204356,0.08965690853018592,0.11020481256533199,0.9999982672459795,0.9658139620108346
23.5,33.92623703353835,-2.1927987113976637,0.1003990337109885,0.09050579392196963,0.11124143734161507,0.9999986394461978,0.9668514145197464
23.6,33.92623703353835,-2.1822726621990536,0.1013537435657879,0.09136636838719019,0.11229792443211858,0.9999989363338038,0.9678626745093099
23.700000000000003,33.92623703353835,-2.171666203222074,0.10232388505842482,0.09223661741326303,0.1133765433814323,0.9999991720303791,0.9688477181503801
23.8,33.92623703353835,-2.1609826669616736,0.10330938508349956,0.09311407137315314,0.1144800945725787,0.9999993582696645,0.9698065777500644
23.9,33.92623703353835,-2.1502253859128033,0.10431016353577785,0.09399576479912901,0.11561195973410959,0.9999995047428671,0.9707393381557157
24.0,33.92623703353835,-2.1393976925704106,0.1053261329901886,0.09487820450399938,0.11677614420874109,0.9999996194068366,0.9716461331880124
24.1,33.92623703353835,-2.128502919429445,0.10635719838299552,0.09575735167404026,0.11797730586534629,0.9999997087562666,0.9725271421185014
24.200000000000003,33.92623703353835,-2.117544398984857,0.10740325669449687,0.09662862366803145,0.11922076492348999,0.9999997780617852,0.9733825862056537
24.3,33.92623703353835,-2.1065254637315953,0.10846419663362503,0.0974869212168932,0.12051248899722973,0.9999998315762731,0.9742127253021431
24.4,33.92623703353835,-2.0954494461646087,0.10953989832483653,0.09832668567950538,0.1218590487006267,0.9999998727120706,0.9750178545447226
24.5,33.92623703353835,-2.084319678778847,0.11063023299769983,0.09914198870154621,0.12326754146290256,0.9999999041918796,0.975798301136747
24.6,33.92623703353835,-2.0731368397838104,0.11173532611860827,0.09992726886663697,0.12474531681106633,0.9999999281811529,0.9765546856002705
24.700000000000003,33.92623703353835,-2.061890990247197,0.11285636584694207,0.10067982535103202,0.12629875729293968,0.9999999463999646,0.9772886490789026
24.8,33.92623703353835,-2.050569536951256,0.11399484538859722,0.10139899794270216,0.12793259785138225,0.9999999601877255,0.9780019530789983
24.9,33.92623703353835,-2.039159886678238,0.11515230541157044,0.10208575032886404,0.12964983841814146,0.9999999705813125,0.9786962079972178
25.0,33.92623703353835,-2.027649446210391,0.11633033550378921,0.102742620001449,0.13145176281810553,0.9999999783824041,0.9793728815830155
