replicate,K,mean_loss,boundaries,times,valid_time_separation
0,1,7.868986690246029,,18.2,True
0,2,3.856053691873273,32.0,10.6|22.6,True
0,3,1.6431418487050768,31.5|34.0,10.0|16.2|25.0,True
0,4,1.0886561409887232,31.5|33.5|35.0,10.0|16.1|19.3|25.0,True
0,5,0.822332923126303,31.0|32.5|33.5|35.0,10.0|13.7|16.2|19.3|25.0,True
1,1,8.04223349892776,,18.5,True
1,2,3.6639121752983868,32.0,10.9|22.2,True
1,3,1.7518336539527062,31.5|34.0,10.2|16.5|25.0,True
1,4,1.2056421126377566,31.5|33.5|35.5,10.2|16.0|19.8|25.0,True
1,5,0.8403739379859207,31.0|32.0|33.5|35.5,10.0|12.4|16.1|19.8|25.0,True
2,1,8.953551320950698,,19.1,True
2,2,3.2232758448456615,32.5,11.6|24.8,True
2,3,1.6526715548104693,31.5|34.0,10.4|16.1|25.0,True
2,4,1.1229286081564998,31.0|32.5|34.5,10.0|13.1|18.1|25.0,True
2,5,0.8562025825383933,31.0|32.0|33.5|35.5,10.0|12.5|16.0|20.7|25.0,True
3,1,7.874505204901175,,17.3,True
3,2,3.5869237868801833,33.0,12.9|25.0,True
3,3,1.6324676673081129,31.5|34.0,10.1|16.0|25.0,True
3,4,1.0831029250906052,31.5|33.0|34.5,10.1|14.7|18.6|25.0,True
3,5,0.7774339866302582,31.0|32.0|33.0|34.5,10.0|12.4|14.8|18.6|25.0,True
4,1,8.82480561272681,,19.1,True
4,2,3.535760492208584,33.0,13.0|25.0,True
4,3,1.6850315437165229,31.5|34.5,10.0|18.1|25.0,True
4,4,0.9907264027025502,31.5|33.0|35.0,10.0|15.0|19.2|25.0,True
4,5,0.7471601272464972,31.0|32.0|33.5|35.0,10.0|12.6|15.7|19.7|25.0,True
5,1,8.164264445836476,,18.6,True
5,2,3.3665724992056174,32.0,10.9|22.2,True
5,3,1.605498724730854,31.5|34.5,10.0|17.3|25.0,True
5,4,1.178462289515605,31.0|32.5|34.5,10.0|13.1|17.4|25.0,True
5,5,0.9297317555183734,31.0|32.0|33.5|35.0,10.0|12.5|16.2|19.3|25.0,True
6,1,8.004535467420885,,18.4,True
6,2,3.2684342520764447,32.0,10.5|23.1,True
6,3,1.5678154006452685,31.5|34.5,10.0|18.0|25.0,True
6,4,0.9962628954665542,31.5|33.5|35.5,10.0|16.0|19.7|25.0,True
6,5,0.7128634507989854,31.0|32.0|33.5|35.5,10.0|12.6|16.1|19.7|25.0,True
7,1,8.166178396131308,,18.5,True
7,2,3.3732604635099825,32.0,10.7|23.3,True
7,3,1.5576408291346935,31.5|35.0,10.4|18.5|25.0,True
7,4,1.0186162153802674,31.0|32.5|35.0,10.0|13.2|19.0|25.0,True
7,5,0.725896346251163,31.0|32.0|33.5|35.0,10.0|12.4|16.1|19.1|25.0,True
8,1,8.234259854701756,,18.4,True
8,2,3.55379779604112,32.0,10.1|23.3,True
8,3,1.5247243371184205,31.5|34.5,10.0|17.3|25.0,True
8,4,1.0498288874952801,31.5|33.5|35.0,10.0|16.0|19.7|25.0,True
8,5,0.7726638046828899,31.0|32.5|33.5|35.0,10.0|13.7|16.2|19.7|25.0,True
9,1,8.224884070442148,,19.3,True
9,2,3.6707125105643983,32.0,10.6|23.2,True
9,3,1.729074329399723,31.5|34.5,10.2|18.1|25.0,True
9,4,1.195938045758589,31.0|33.0|35.0,10.0|14.6|19.1|25.0,True
9,5,0.9237461934099419,31.0|32.5|34.0|35.5,10.0|13.3|17.3|20.5|25.0,True
10,1,8.073634638533576,,19.0,True
10,2,3.314248126209643,32.5,12.3|23.1,True
10,3,1.8575249211042058,31.5|34.0,10.0|16.2|24.8,True
10,4,1.1301936374628951,31.0|32.5|35.0,10.0|13.1|19.2|25.0,True
10,5,0.8608428096894374,31.0|32.0|33.5|35.0,10.0|12.4|16.1|19.7|25.0,True
11,1,7.862182445758453,,18.4,True
11,2,3.3197277213310192,32.0,10.5|21.9,True
11,3,1.5844594814796236,31.5|34.0,10.1|16.5|25.0,True
11,4,1.1509002859866129,31.5|33.0|35.0,10.1|15.0|19.1|25.0,True
11,5,0.9109922115529282,31.0|32.5|33.5|35.0,10.0|13.8|16.3|19.7|25.0,True
12,1,8.298042626618122,,18.5,True
12,2,3.5270249758408068,32.0,10.4|23.1,True
12,3,1.5240355591988486,31.5|34.5,10.0|17.7|25.0,True
12,4,0.9843395312542234,31.5|33.5|35.0,10.0|15.5|19.0|25.0,True
12,5,0.7920040229221588,31.0|32.5|33.5|35.0,10.0|13.8|16.1|19.0|25.0,True
13,1,7.63972964203274,,18.4,True
13,2,3.554411701961224,32.0,10.7|22.1,True
13,3,1.723715713397479,31.5|34.0,10.0|16.6|25.0,True
13,4,1.1652422443308386,31.5|33.5|35.0,10.0|16.0|19.7|25.0,True
13,5,0.8371947190511564,31.0|32.0|33.5|35.0,10.0|12.4|16.1|19.7|25.0,True
14,1,8.004501585752214,,17.7,True
14,2,3.4966354233363135,32.5,12.1|22.8,True
14,3,1.7054122870512431,31.5|34.0,10.2|16.2|25.0,True
14,4,1.2079977638834023,31.5|33.0|35.0,10.2|14.7|19.0|25.0,True
14,5,0.8959952484658552,31.0|32.0|33.0|35.0,10.0|12.4|15.0|19.0|25.0,True
15,1,8.896742243043644,,19.1,True
15,2,3.5053725855928812,33.0,13.0|25.0,True
15,3,1.4594171844081427,31.5|34.0,10.0|16.2|25.0,True
15,4,1.0971489069983196,31.5|33.0|35.0,10.0|14.7|18.8|25.0,True
15,5,0.7920834165104071,31.0|32.0|33.5|35.5,10.0|12.4|16.0|20.5|25.0,True
16,1,8.763652884217503,,19.3,True
16,2,3.307384890796869,33.0,12.9|25.0,True
16,3,1.7518363228481906,31.5|34.0,10.0|16.2|25.0,True
16,4,1.0249369675296431,31.0|33.0|35.0,10.0|14.1|19.1|25.0,True
16,5,0.7844651502926586,31.0|32.5|34.0|35.5,10.0|13.6|17.3|21.1|25.0,True
17,1,9.102725708034768,,20.1,True
17,2,3.2818449936886886,32.5,11.3|25.0,True
17,3,1.6294805042508822,31.5|34.0,10.1|15.6|25.0,True
17,4,1.067810501538604,31.5|33.0|35.0,10.1|14.9|19.2|25.0,True
17,5,0.8248646497852354,31.0|32.0|33.0|35.0,10.0|12.6|15.2|19.2|25.0,True
18,1,8.605738097955571,,19.7,True
18,2,3.53798614267022,32.5,11.8|24.7,True
18,3,1.736274381345632,31.5|34.5,10.1|17.4|25.0,True
18,4,1.168112703814916,31.5|33.5|35.0,10.1|15.5|19.7|25.0,True
18,5,0.8819923936898274,31.0|32.5|34.0|35.5,10.0|13.3|17.1|21.1|25.0,True
19,1,8.069755202504975,,19.1,True
19,2,3.4992072423910696,32.5,12.1|23.2,True
19,3,1.775405412591313,31.5|34.0,10.0|16.0|24.7,True
19,4,1.1568331172286013,31.5|33.0|35.0,10.0|14.9|19.3|25.0,True
19,5,0.8103473118301909,31.0|32.5|33.5|35.0,10.0|13.1|16.2|19.7|25.0,True
20,1,7.798662498309977,,17.3,True
20,2,3.7043713912258096,33.0,13.2|25.0,True
20,3,1.645749836982883,31.5|34.0,10.0|16.3|25.0,True
20,4,1.0725848019408193,31.0|33.0|35.0,10.0|14.7|18.8|25.0,True
20,5,0.7856040868229034,31.0|32.0|33.0|35.0,10.0|12.5|15.2|18.8|25.0,True
21,1,8.340669996933654,,19.3,True
21,2,3.8145358045703586,33.5,14.7|25.0,True
21,3,1.689103440781013,31.5|34.0,10.0|16.2|25.0,True
21,4,1.0854586601217153,31.5|33.5|35.0,10.0|16.0|19.3|25.0,True
21,5,0.8266013576380915,31.0|32.5|33.5|35.0,10.0|13.6|16.2|19.3|25.0,True
22,1,8.861123030931257,,19.8,True
22,2,3.3196880110963596,32.5,11.3|25.0,True
22,3,1.672204909698029,31.5|34.0,10.1|16.2|25.0,True
22,4,1.111861015720729,31.5|33.5|35.0,10.1|16.0|19.7|25.0,True
22,5,0.7731225125818575,31.0|32.0|33.5|35.0,10.0|12.4|16.0|19.7|25.0,True
23,1,8.513706030493742,,18.3,True
23,2,3.3890593113763217,32.5,11.5|24.8,True
23,3,1.459455872052104,31.5|34.0,10.0|16.0|25.0,True
23,4,0.9990056036690487,31.0|32.5|35.0,10.0|13.0|18.5|25.0,True
23,5,0.6679807733444171,31.0|32.5|33.5|35.5,10.0|13.0|16.0|20.5|25.0,True
24,1,8.025909428243327,,18.3,True
24,2,3.518726018968268,32.5,12.1|23.1,True
24,3,1.6948291993688178,31.5|34.0,10.0|16.2|25.0,True
24,4,1.1380498641009429,31.5|33.0|35.0,10.0|15.0|18.8|25.0,True
24,5,0.8495071951135703,31.0|32.5|33.5|35.0,10.0|13.6|16.2|19.7|25.0,True
25,1,8.583658541049857,,18.8,True
25,2,3.314809694247027,32.0,10.6|23.2,True
25,3,1.6039390055480387,31.5|34.0,10.1|16.1|25.0,True
25,4,1.1036510253541425,31.5|33.0|35.0,10.1|15.0|19.2|25.0,True
25,5,0.8097100620461671,31.0|32.0|33.5|35.5,10.0|12.4|16.0|20.1|25.0,True
26,1,8.209315770950651,,18.8,True
26,2,3.8333890736869494,33.5,14.6|25.0,True
26,3,1.612034880978891,31.5|34.5,10.0|17.4|25.0,True
26,4,1.041734837944458,31.5|33.0|35.0,10.0|15.0|19.1|25.0,True
26,5,0.8266004031760459,31.0|32.5|33.5|35.0,10.0|13.8|16.2|19.3|25.0,True
27,1,8.007944450600323,,18.8,True
27,2,3.722976446209932,32.0,10.7|22.1,True
27,3,1.766123998343871,31.5|34.5,10.3|17.9|25.0,True
27,4,1.1424823480691746,31.5|33.0|35.0,10.3|14.8|19.1|25.0,True
27,5,0.8805185887394531,31.0|32.5|33.5|35.0,10.0|13.1|16.1|19.1|25.0,True
28,1,8.661759864173353,,18.8,True
28,2,3.3376338286774363,32.0,10.3|23.6,True
28,3,1.357846179635631,31.5|34.0,10.0|16.3|25.0,True
28,4,1.03511828574771,31.0|33.0|35.0,10.0|14.9|18.8|25.0,True
28,5,0.7941114769439314,31.0|32.5|33.5|35.5,10.0|13.1|16.2|19.7|25.0,True
29,1,8.08964767633305,,18.5,True
29,2,3.5912607295306556,32.0,10.6|22.0,True
29,3,1.7237691983514554,31.5|34.5,10.1|17.4|25.0,True
29,4,1.1406502885944794,31.5|33.0|35.0,10.1|14.8|18.8|25.0,True
29,5,0.8871001487967259,31.0|32.0|33.5|35.0,10.0|12.5|15.7|19.1|25.0,True
30,1,8.118857272330233,,18.3,True
30,2,3.2625160173954515,32.0,10.5|23.2,True
30,3,1.593548829989341,31.5|34.5,10.0|18.1|25.0,True
30,4,1.0434787341998784,31.0|33.0|35.0,10.0|14.7|19.1|25.0,True
30,5,0.7543090547535998,31.0|32.5|33.5|35.0,10.0|13.2|16.0|19.7|25.0,True
31,1,7.849481447440815,,17.9,True
31,2,3.214589171163914,32.0,10.2|21.9,True
31,3,1.5295832240829863,31.5|34.5,10.0|17.3|25.0,True
31,4,1.0130299273179046,31.5|33.5|35.0,10.0|15.6|18.8|25.0,True
31,5,0.7978260393885785,31.0|32.5|33.5|35.0,10.0|13.9|16.0|18.8|25.0,True
32,1,8.007744558291217,,18.5,True
32,2,3.7515298090353184,32.0,10.9|22.0,True
32,3,1.7750614585059568,31.5|34.5,10.0|17.3|25.0,True
32,4,1.1667840964998342,31.0|33.0|35.0,10.0|14.6|19.2|25.0,True
32,5,0.8655953977304608,31.0|32.5|34.0|35.5,10.0|13.3|17.0|20.1|25.0,True
33,1,7.825199485765325,,18.5,True
33,2,3.8593495180934467,32.0,10.5|22.6,True
33,3,1.7044647265140094,31.5|34.5,10.0|17.3|25.0,True
33,4,1.1302727855897534,31.5|33.5|35.0,10.0|16.1|19.3|25.0,True
33,5,0.8545166165365266,31.0|32.5|33.5|35.0,10.0|13.8|16.2|19.3|25.0,True
34,1,9.094233842163874,,19.1,True
34,2,3.286910773010787,32.5,12.1|25.0,True
34,3,1.5069096345033692,31.5|34.0,10.0|16.1|25.0,True
34,4,0.9987771977300166,31.0|32.5|35.0,10.0|13.1|18.6|25.0,True
34,5,0.7283250273427503,31.0|32.0|33.5|35.5,10.0|12.6|16.0|20.5|25.0,True
35,1,9.329658989789818,,19.7,True
35,2,2.9803897846092613,32.5,11.5|25.0,True
35,3,1.6402982812671845,31.5|34.0,10.4|16.3|25.0,True
35,4,1.0070503883310729,31.0|32.5|35.0,10.0|13.1|19.1|25.0,True
35,5,0.8048917833888678,31.0|32.0|33.5|35.0,10.0|12.4|16.0|19.7|25.0,True
36,1,8.048784148462651,,18.4,True
36,2,3.300478478301094,32.0,10.7|23.1,True
36,3,1.6990935730286054,31.5|35.0,10.2|18.4|25.0,True
36,4,1.0465195957710105,31.0|32.5|35.0,10.0|13.1|18.6|25.0,True
36,5,0.8162002146069006,31.0|32.0|33.5|35.0,10.0|12.6|16.0|19.1|25.0,True
37,1,8.784919825493366,,19.3,True
37,2,3.302308557704016,32.0,10.6|24.6,True
37,3,1.5539363078122135,31.5|34.5,10.0|17.7|25.0,True
37,4,1.070028593791984,31.5|33.5|35.0,10.0|16.2|19.3|25.0,True
37,5,0.7199932008392911,31.0|32.0|33.5|35.0,10.0|12.4|16.2|19.3|25.0,True
38,1,8.491479167314674,,18.5,True
38,2,3.683632143278829,33.5,14.7|25.0,True
38,3,1.571314968866826,31.5|34.0,10.1|16.1|25.0,True
38,4,1.1616628420293946,31.5|33.5|35.5,10.1|16.0|20.3|25.0,True
38,5,0.7848491284827643,31.0|32.0|33.5|35.5,10.0|12.6|16.0|20.3|25.0,True
39,1,7.870871711157545,,17.7,True
39,2,3.7771946100590132,32.5,12.1|23.3,True
39,3,1.6510562568528606,31.5|34.5,10.2|17.4|25.0,True
39,4,1.1019739430955602,31.0|33.0|34.5,10.0|14.7|18.3|25.0,True
39,5,0.8232784780043398,31.0|32.0|33.5|35.0,10.0|12.4|16.0|18.8|25.0,True
40,1,8.625219627635632,,18.6,True
40,2,3.539176705087575,33.0,12.9|25.0,True
40,3,1.6632415210737974,31.5|35.0,10.1|18.5|25.0,True
40,4,0.9899768016831259,31.5|33.0|35.0,10.1|14.7|19.0|25.0,True
40,5,0.733390567599409,31.0|32.0|33.5|35.0,10.0|12.5|16.1|19.1|25.0,True
41,1,8.665873643110892,,18.8,True
41,2,3.318040451277458,32.5,11.1|24.8,True
41,3,1.6076988800810186,31.5|34.0,10.3|16.2|25.0,True
41,4,1.1004191943233366,31.5|33.5|35.0,10.3|16.1|19.3|25.0,True
41,5,0.7776509422360662,31.0|32.0|33.5|35.0,10.0|12.4|16.2|19.3|25.0,True
42,1,7.857891683975624,,18.5,True
42,2,3.175189222352527,32.0,10.9|22.1,True
42,3,1.85822400189116,31.5|34.5,10.4|18.2|25.0,True
42,4,1.1944310007664856,31.0|32.5|35.0,10.0|13.1|18.8|25.0,True
42,5,0.8395067695232878,31.0|32.0|33.5|35.0,10.0|12.1|16.1|19.7|25.0,True
43,1,7.583777017900853,,18.5,True
43,2,3.236372968139956,32.0,10.2|21.8,True
43,3,1.5671658005458988,31.5|35.0,10.1|18.5|25.0,True
43,4,1.0516825062754342,31.5|33.5|35.0,10.1|16.0|19.3|25.0,True
43,5,0.8316220663600276,31.0|32.5|34.0|35.0,10.0|13.6|17.3|19.7|25.0,True
44,1,8.468719023810557,,19.8,True
44,2,3.573222326823271,33.0,13.1|25.0,True
44,3,1.7833769517441496,31.5|34.0,10.4|16.3|25.0,True
44,4,1.1813612750595046,31.5|33.0|35.0,10.4|14.7|19.2|25.0,True
44,5,0.9537109657573533,31.5|32.5|34.0|35.5,10.4|13.9|16.5|20.7|25.0,True
45,1,8.502878770552618,,18.4,True
45,2,3.2509952509197637,32.5,11.5|25.0,True
45,3,1.5477499939094832,31.5|35.0,10.0|18.5|25.0,True
45,4,0.8722968411834728,31.0|33.0|35.0,10.0|14.2|19.2|25.0,True
45,5,0.6924159616190639,31.0|32.0|33.5|35.0,10.0|12.5|16.3|19.2|25.0,True
46,1,8.090768696150631,,18.3,True
46,2,3.6532403744920816,33.0,13.1|24.7,True
46,3,1.7044021655539052,31.5|34.0,10.0|16.5|25.0,True
46,4,1.1469540004831404,31.0|33.0|34.5,10.0|14.4|18.2|25.0,True
46,5,0.8801360669176507,31.0|32.5|33.5|35.5,10.0|13.9|16.2|19.7|25.0,True
47,1,8.327700655630283,,18.8,True
47,2,3.649013910381044,32.5,12.1|23.7,True
47,3,1.731497689237375,31.5|34.0,10.1|16.5|25.0,True
47,4,1.2271087689700664,31.5|33.0|35.0,10.1|15.0|19.0|25.0,True
47,5,0.8705055307516325,31.0|32.0|33.5|35.0,10.0|12.4|16.1|19.2|25.0,True
48,1,8.269281947834035,,19.1,True
48,2,3.5723986722064165,32.0,10.5|23.7,True
48,3,1.6085086435056581,31.5|35.0,10.0|18.5|25.0,True
48,4,1.0235645063323433,31.5|33.5|35.0,10.0|16.0|19.1|25.0,True
48,5,0.7651342863845381,31.0|32.5|33.5|35.0,10.0|13.1|16.2|19.1|25.0,True
49,1,7.935541981991087,,18.5,True
49,2,3.7077231626408897,32.0,10.6|22.2,True
49,3,1.6741251191450737,31.5|34.0,10.0|16.5|25.0,True
49,4,1.0653220833011277,31.0|33.0|35.0,10.0|14.7|19.1|25.0,True
49,5,0.8011501056826661,31.0|32.5|33.5|35.0,10.0|13.7|16.1|19.2|25.0,True
50,1,8.756840276144802,,18.8,True
50,2,3.6321874394249485,33.0,13.3|25.0,True
50,3,1.5127163447266423,31.5|34.0,10.1|16.2|25.0,True
50,4,0.9928495353108806,31.5|33.0|35.0,10.1|14.7|18.8|25.0,True
50,5,0.832203770653107,31.0|32.5|33.5|35.5,10.0|13.7|16.2|19.8|25.0,True
51,1,8.237254525742566,,18.6,True
51,2,3.659916949375641,32.0,10.6|23.3,True
51,3,1.6663180755147227,31.5|34.0,10.1|16.2|25.0,True
51,4,0.997935170216799,31.5|33.5|35.0,10.1|15.4|19.3|25.0,True
51,5,0.7935807563062908,31.0|32.5|33.5|35.0,10.0|13.9|16.0|19.3|25.0,True
52,1,8.420066434780033,,18.6,True
52,2,3.602386555146929,32.0,10.7|23.6,True
52,3,1.5664964951783267,31.5|34.0,10.1|16.5|25.0,True
52,4,1.177178826175817,31.0|32.5|34.5,10.0|13.0|17.4|25.0,True
52,5,0.8516709258439569,31.0|32.0|33.5|35.5,10.0|12.5|16.3|20.1|25.0,True
53,1,7.5523053082737,,16.7,True
53,2,3.3056114694325385,32.0,11.1|21.8,True
53,3,1.6495580960880363,31.5|34.0,10.5|16.5|25.0,True
53,4,1.1339815094094838,31.0|32.5|34.5,10.0|13.1|17.4|25.0,True
53,5,0.9794277356470438,30.5|31.5|33.0|34.5,10.0|11.1|14.4|18.2|25.0,True
54,1,8.488956626248148,,18.5,True
54,2,3.61231985519974,32.0,10.6|23.6,True
54,3,1.59507213062391,31.5|34.0,10.0|16.2|25.0,True
54,4,1.058726162503619,31.5|33.5|35.0,10.0|16.1|19.2|25.0,True
54,5,0.7579052020470187,31.0|32.5|33.5|35.0,10.0|13.2|16.2|19.2|25.0,True
55,1,8.347504819722701,,19.1,True
55,2,3.688775891779311,32.0,10.6|23.1,True
55,3,1.6193731753820166,31.5|34.0,10.2|16.1|25.0,True
55,4,1.1754895960492913,31.5|33.5|35.5,10.2|16.0|20.3|25.0,True
55,5,0.8460460909237066,31.0|32.0|33.5|35.5,10.0|12.4|16.0|20.3|25.0,True
56,1,8.522006430084954,,18.5,True
56,2,3.5708412579423072,32.0,10.6|23.7,True
56,3,1.5691632611839839,31.5|34.0,10.1|16.5|25.0,True
56,4,1.084901088439446,31.0|33.0|35.0,10.0|14.7|19.1|25.0,True
56,5,0.8208596054548084,31.0|32.0|33.5|35.0,10.0|12.4|16.1|19.3|25.0,True
57,1,7.6610654457956615,,18.6,True
57,2,3.2209938973379355,32.0,10.6|22.0,True
57,3,1.8037188445477566,31.5|34.5,10.2|18.1|25.0,True
57,4,1.2277689574636492,31.5|33.0|35.0,10.2|14.8|18.8|25.0,True
57,5,0.9678279406562657,31.0|32.0|33.5|35.0,10.0|12.4|16.1|19.2|25.0,True
58,1,7.567669630659711,,18.3,True
58,2,3.337547351699445,32.0,10.9|22.0,True
58,3,1.7424031410367267,31.5|34.0,10.2|16.6|24.8,True
58,4,1.2434571108322179,31.0|32.5|34.5,10.0|13.2|18.3|25.0,True
58,5,1.1054482415031122,30.5|31.5|33.0|34.5,10.0|11.1|14.7|18.5|25.0,True
59,1,8.479935574519862,,19.7,True
59,2,3.5723413246384004,32.5,12.1|24.7,True
59,3,1.770323773641722,31.5|34.0,10.1|16.3|25.0,True
59,4,1.2142540954275085,31.0|32.5|35.0,10.0|13.6|18.6|25.0,True
59,5,0.8672869279574686,31.0|32.5|34.0|35.5,10.0|13.6|17.1|20.5|25.0,True
60,1,8.515239264988315,,18.8,True
60,2,3.666478254343611,32.0,10.6|23.7,True
60,3,1.6131619119085236,31.5|34.0,10.3|16.6|25.0,True
60,4,1.0965329467700156,31.5|33.0|35.0,10.3|15.0|18.8|25.0,True
60,5,0.8230738258447758,31.0|32.5|33.5|35.0,10.0|13.2|16.5|19.1|25.0,True
61,1,7.483010404968542,,17.4,True
61,2,3.2992912801934993,32.0,10.6|20.9,True
61,3,1.6977268512866506,31.5|34.0,10.1|16.3|25.0,True
61,4,1.118443448199297,31.0|32.5|34.5,10.0|13.9|18.2|25.0,True
61,5,0.8890434910501002,31.0|32.5|33.5|35.0,10.0|13.9|16.2|19.3|25.0,True
62,1,7.851963244611438,,18.2,True
62,2,3.5657177637333257,32.0,10.7|23.1,True
62,3,1.584251885927051,31.5|34.5,10.0|18.0|25.0,True
62,4,1.0046596911676944,31.0|33.0|34.5,10.0|14.4|18.4|25.0,True
62,5,0.8523066177907074,31.0|32.0|33.5|34.5,10.0|12.6|16.3|18.5|25.0,True
63,1,8.363410901959112,,18.4,True
63,2,3.486886549206557,32.5,12.1|24.8,True
63,3,1.6397815936664835,31.5|34.0,10.2|16.0|25.0,True
63,4,1.0292401911781688,31.5|33.0|35.0,10.2|15.0|19.1|25.0,True
63,5,0.7559610765443343,31.0|32.0|33.0|35.0,10.0|12.5|15.3|19.1|25.0,True
64,1,8.340070476399196,,19.1,True
64,2,3.4680397632860105,32.5,12.1|23.2,True
64,3,1.8142961535130349,31.5|34.0,10.2|16.2|25.0,True
64,4,1.2408790656167041,31.0|32.5|35.0,10.0|13.2|18.6|25.0,True
64,5,0.8928668188370391,31.0|32.5|33.5|35.5,10.0|13.2|16.2|20.7|25.0,True
65,1,8.580731383222973,,18.0,True
65,2,3.434113323529123,33.0,12.9|25.0,True
65,3,1.5721902883280958,31.5|34.0,10.4|16.0|25.0,True
65,4,1.1117096048576665,31.5|33.0|35.0,10.4|14.7|19.0|25.0,True
65,5,0.8228345868959459,31.0|32.0|33.0|35.0,10.0|12.4|15.0|19.0|25.0,True
66,1,8.595012059941437,,18.8,True
66,2,3.4437114265358066,32.5,11.3|24.7,True
66,3,1.6208526899974287,31.5|34.0,10.0|16.1|25.0,True
66,4,1.1328685455018184,31.0|32.5|34.5,10.0|13.1|17.4|25.0,True
66,5,0.7789817025379924,31.0|32.5|33.5|35.0,10.0|13.1|16.1|19.7|25.0,True
67,1,8.176825937226338,,18.5,True
67,2,3.3144307712788645,32.0,10.5|23.1,True
67,3,1.5230930241528404,31.5|34.5,10.0|18.1|25.0,True
67,4,0.9697678704734016,31.5|33.0|35.0,10.0|15.0|19.0|25.0,True
67,5,0.7946889468295472,31.0|32.5|33.5|35.0,10.0|13.6|16.2|19.1|25.0,True
68,1,8.590623423931659,,18.0,True
68,2,3.088184454377561,32.0,10.5|24.7,True
68,3,1.3334035490100715,31.5|34.5,10.0|17.4|25.0,True
68,4,0.9085466315108449,31.5|33.0|34.5,10.0|14.6|18.2|25.0,True
68,5,0.7548964067064327,31.0|32.0|33.5|35.0,10.0|12.4|16.0|18.5|25.0,True
69,1,8.029524308417697,,18.0,True
69,2,3.431155745546826,32.0,11.1|22.8,True
69,3,1.7001857363177952,31.5|34.0,10.0|16.2|25.0,True
69,4,1.0936346507151073,31.0|33.0|35.0,10.0|14.8|19.1|25.0,True
69,5,0.77131842432383,31.0|32.0|33.5|35.0,10.0|12.4|16.0|19.3|25.0,True
70,1,8.319504792756346,,19.1,True
70,2,3.522047253824773,32.0,10.9|22.6,True
70,3,1.6255766666973894,31.5|34.0,10.1|16.2|25.0,True
70,4,1.1297123986890596,31.5|33.5|35.0,10.1|16.0|19.7|25.0,True
70,5,0.7916020347913858,31.0|32.0|33.5|35.0,10.0|12.6|16.1|19.7|25.0,True
71,1,8.174159034212524,,19.1,True
71,2,3.4729939238177447,32.0,10.6|22.6,True
71,3,1.6721599157188722,31.5|34.0,10.2|16.6|25.0,True
71,4,1.0908374334689064,31.5|33.5|35.0,10.2|16.0|19.7|25.0,True
71,5,0.8378203002598079,31.0|32.0|33.5|35.0,10.0|12.3|16.1|19.7|25.0,True
72,1,8.699695140014603,,18.5,True
72,2,3.218795559756696,32.0,10.6|23.7,True
72,3,1.5655140540688457,31.5|33.5,10.1|15.3|25.0,True
72,4,1.016352988266481,31.5|33.0|35.0,10.1|14.9|19.1|25.0,True
72,5,0.7537447387146958,31.0|32.0|33.0|35.0,10.0|12.4|15.0|19.1|25.0,True
73,1,8.576173352103805,,19.3,True
73,2,3.475552514564149,33.0,12.5|25.0,True
73,3,1.7812994977968222,31.5|34.0,10.1|16.3|25.0,True
73,4,1.234399699910909,31.5|33.5|35.5,10.1|15.6|20.9|25.0,True
73,5,0.8353818761329906,31.0|32.0|34.0|35.5,10.0|12.4|16.6|21.1|25.0,True
74,1,8.349585052262062,,19.2,True
74,2,3.6072079624836504,32.0,10.5|23.2,True
74,3,1.639567166697009,31.5|34.5,10.1|17.7|25.0,True
74,4,1.0811409134184022,31.5|33.0|35.0,10.1|15.0|19.1|25.0,True
74,5,0.8638204179877743,31.0|32.5|33.5|35.0,10.0|13.2|16.1|19.1|25.0,True
75,1,8.092735077558334,,18.5,True
75,2,3.7900117848697974,33.0,13.1|25.0,True
75,3,1.6874956279111295,31.5|34.0,10.2|16.5|25.0,True
75,4,1.1948542496294932,31.5|33.5|35.0,10.2|16.1|19.7|25.0,True
75,5,0.8661034281539884,31.0|32.0|33.5|35.0,10.0|12.4|16.2|19.7|25.0,True
76,1,8.576392865016937,,19.7,True
76,2,3.6241229767519285,32.0,10.5|23.7,True
76,3,1.6632441158085367,31.5|34.5,10.1|17.9|25.0,True
76,4,1.0796995510682026,31.5|33.5|35.0,10.1|16.0|19.7|25.0,True
76,5,0.8378246174624231,31.0|32.5|33.5|35.0,10.0|13.9|16.1|19.7|25.0,True
77,1,8.231576643654119,,19.3,True
77,2,3.8156253485278167,33.5,14.7|25.0,True
77,3,1.8109485871389956,31.5|34.0,10.4|16.5|25.0,True
77,4,1.2839745460359695,31.5|33.5|35.0,10.4|16.1|19.7|25.0,True
77,5,0.938715988654498,31.0|32.0|33.5|35.0,10.0|12.5|16.2|19.7|25.0,True
78,1,8.26287574283625,,19.1,True
78,2,3.689364000714212,32.5,11.6|23.2,True
78,3,1.7237694655588351,31.5|34.0,10.3|16.2|25.0,True
78,4,1.2099290289229783,31.5|33.5|35.5,10.3|16.0|20.3|25.0,True
78,5,0.8873901018364616,31.0|32.0|33.5|35.5,10.0|12.5|16.0|20.3|25.0,True
79,1,7.85563366843163,,18.5,True
79,2,3.768928480898825,32.0,10.6|22.0,True
79,3,1.6976696822805222,31.5|34.0,10.0|16.5|25.0,True
79,4,1.1053676700372406,31.0|33.0|35.0,10.0|14.7|18.8|25.0,True
79,5,0.8630347512914945,31.0|32.5|33.5|35.0,10.0|13.6|16.5|19.1|25.0,True
80,1,8.858974165384126,,18.4,True
80,2,3.229556575758924,32.5,12.1|25.0,True
80,3,1.5786761193071606,31.5|34.5,10.1|17.7|25.0,True
80,4,0.9733780312825562,31.5|33.0|35.0,10.1|14.2|18.5|25.0,True
80,5,0.7838882098438573,31.0|32.0|33.5|35.5,10.0|12.9|16.0|19.8|25.0,True
81,1,8.603273292128543,,19.3,True
81,2,3.6570137309098727,33.5,14.7|25.0,True
81,3,1.7034786072051011,31.5|34.0,10.0|16.3|25.0,True
81,4,1.1537396140593794,31.0|33.0|35.0,10.0|14.7|18.6|25.0,True
81,5,0.8234456862970286,31.0|32.5|33.5|35.0,10.0|13.3|16.2|19.1|25.0,True
82,1,7.9071390186975865,,18.8,True
82,2,3.33909406476382,32.0,10.7|22.2,True
82,3,1.728897940696019,31.5|34.5,10.2|18.3|24.8,True
82,4,1.1670289662583628,31.5|33.0|35.0,10.2|14.7|19.0|25.0,True
82,5,0.9195756014130763,31.0|32.0|33.5|35.0,10.0|12.4|16.2|19.3|25.0,True
83,1,8.850930717349284,,18.0,True
83,2,2.926340108723976,32.5,10.9|25.0,True
83,3,1.3384162467547727,31.5|34.5,10.0|17.4|25.0,True
83,4,0.8537051309968885,31.0|32.5|34.5,10.0|13.1|18.3|25.0,True
83,5,0.6625326667758824,31.0|32.0|33.5|35.5,10.0|12.5|16.1|19.7|25.0,True
84,1,8.531915755946306,,18.6,True
84,2,3.6818721001560966,32.5,11.6|24.8,True
84,3,1.6775627596215326,31.5|34.5,10.2|17.4|25.0,True
84,4,1.1526110481013394,31.5|33.5|35.0,10.2|15.7|19.3|25.0,True
84,5,0.7923521221449374,31.0|32.0|33.5|35.0,10.0|12.4|16.0|19.3|25.0,True
85,1,8.159388281946272,,18.5,True
85,2,3.4806366308647902,32.5,11.8|23.2,True
85,3,1.8080338968507434,31.5|34.0,10.5|16.3|25.0,True
85,4,1.2498166125846437,31.0|32.5|35.0,10.0|13.1|18.5|25.0,True
85,5,0.9057624549986968,31.0|32.0|33.5|35.0,10.0|12.6|16.1|19.1|25.0,True
86,1,8.179969840012475,,19.1,True
86,2,3.558985178751861,33.0,12.5|24.7,True
86,3,1.754323306727767,31.5|35.0,10.2|18.5|25.0,True
86,4,1.1075321094251727,31.5|33.0|35.0,10.2|14.2|19.1|25.0,True
86,5,0.8530044851339296,31.0|32.0|33.5|35.0,10.0|12.6|16.0|19.2|25.0,True
87,1,7.855352624435248,,18.5,True
87,2,3.3332685842796996,32.0,10.7|22.1,True
87,3,1.8271344933021356,31.5|34.0,10.4|16.2|25.0,True
87,4,1.1500252179443884,31.5|33.0|35.0,10.4|15.0|19.2|25.0,True
87,5,0.8341394908856558,31.0|32.0|33.5|35.0,10.0|12.4|16.2|19.7|25.0,True
88,1,7.895131498784922,,18.5,True
88,2,3.344458289757955,32.0,10.6|22.0,True
88,3,1.7045256838392022,31.5|34.0,10.0|16.5|24.8,True
88,4,1.1663918071700716,31.0|32.5|34.5,10.0|13.6|18.0|25.0,True
88,5,0.8379673783030875,31.0|32.5|33.5|35.0,10.0|13.6|16.1|19.7|25.0,True
89,1,8.271121083216205,,19.1,True
89,2,3.6194192853112352,33.0,13.3|24.8,True
89,3,1.8256403485755575,31.5|34.0,10.1|16.2|25.0,True
89,4,1.1323395330307775,31.0|33.0|35.0,10.0|14.7|19.1|25.0,True
89,5,0.8647640574990431,31.0|32.0|33.0|35.0,10.0|12.4|14.9|19.1|25.0,True
90,1,8.557722823609671,,18.8,True
90,2,3.485526843432107,32.5,11.8|24.6,True
90,3,1.7126408303590337,31.5|34.5,10.4|17.4|25.0,True
90,4,1.1623801779638407,31.5|33.0|35.0,10.4|14.8|18.8|25.0,True
90,5,0.8818280065253008,31.0|32.0|33.5|35.0,10.0|12.6|16.2|19.2|25.0,True
91,1,8.688601605511016,,19.1,True
91,2,3.4669165501092345,32.5,12.1|24.6,True
91,3,1.6925217701213793,31.5|34.0,10.3|16.1|25.0,True
91,4,1.0950745214030713,31.5|33.0|35.0,10.3|14.7|19.1|25.0,True
91,5,0.8372569825139473,31.0|32.0|33.5|35.0,10.0|12.4|16.1|19.2|25.0,True
92,1,8.260678748440649,,18.3,True
92,2,3.522284852856881,32.5,11.6|24.6,True
92,3,1.6172968178884122,31.5|34.0,10.2|16.5|25.0,True
92,4,1.0687550018320964,31.0|32.5|35.0,10.0|13.2|18.5|25.0,True
92,5,0.7640250899036418,31.0|32.5|33.5|35.0,10.0|13.2|16.5|19.2|25.0,True
93,1,8.467080844335738,,19.7,True
93,2,3.33737456395419,32.0,10.6|23.3,True
93,3,1.7746181495992508,31.5|35.0,10.0|18.8|25.0,True
93,4,1.0832411327962834,31.5|33.0|35.5,10.0|14.4|19.7|25.0,True
93,5,0.8350305744353094,31.0|32.0|33.5|35.5,10.0|12.9|16.2|19.8|25.0,True
94,1,8.85687837214343,,19.8,True
94,2,3.576338856748188,32.0,10.7|24.7,True
94,3,1.6131402928108796,31.5|34.5,10.0|17.7|25.0,True
94,4,1.0837955827944095,31.5|33.5|35.0,10.0|15.6|19.7|25.0,True
94,5,0.7980640339388622,31.0|32.0|33.5|35.0,10.0|12.4|16.0|19.7|25.0,True
95,1,8.402610528907818,,19.0,True
95,2,3.710059740123472,32.5,12.1|23.6,True
95,3,1.7287029567435885,31.5|34.0,10.1|16.6|25.0,True
95,4,1.1996588545405535,31.0|33.0|35.0,10.0|14.1|18.8|25.0,True
95,5,0.861288552948529,31.0|32.0|33.5|35.0,10.0|12.3|16.1|19.3|25.0,True
96,1,8.07452920875528,,18.5,True
96,2,3.465249314007162,32.0,10.6|22.1,True
96,3,1.710894317826446,31.5|34.0,10.0|16.0|25.0,True
96,4,0.9777371795157467,31.5|33.0|35.0,10.0|14.8|19.1|25.0,True
96,5,0.7768958182894821,31.0|32.0|33.0|35.0,10.0|12.4|14.9|19.1|25.0,True
97,1,8.41013560363588,,19.1,True
97,2,3.70171276152133,33.5,14.1|25.0,True
97,3,1.6812919023442925,31.5|34.0,10.2|16.6|25.0,True
97,4,1.1235811572866408,31.5|33.5|35.5,10.2|15.5|20.3|25.0,True
97,5,0.9153796008321435,31.0|32.5|33.5|35.5,10.0|13.8|16.0|20.3|25.0,True
98,1,8.486781958491141,,18.5,True
98,2,3.506198773305692,33.0,12.9|25.0,True
98,3,1.6789400087133177,31.5|34.0,10.4|16.1|25.0,True
98,4,1.139340672170648,31.5|33.0|35.0,10.4|15.0|18.6|25.0,True
98,5,0.8260054014182524,31.0|32.0|33.0|35.0,10.0|12.5|15.0|18.6|25.0,True
99,1,7.7206102813884545,,17.4,True
99,2,3.429716680638395,32.5,12.1|22.6,True
99,3,1.7149267407583277,31.5|34.0,10.0|16.2|24.8,True
99,4,1.1302525095163904,31.5|33.0|35.0,10.0|14.9|19.1|25.0,True
99,5,0.8031543966404648,31.0|32.0|33.5|35.0,10.0|12.5|16.0|19.2|25.0,True
100,1,8.522608130452943,,18.4,True
100,2,3.1868048913639337,32.0,10.5|23.6,True
100,3,1.4364175503946446,31.5|34.0,10.0|16.3|25.0,True
100,4,1.0339170447886266,31.5|33.5|35.5,10.0|16.0|20.1|25.0,True
100,5,0.8104614491338346,31.0|32.5|33.5|35.5,10.0|13.1|16.0|20.1|25.0,True
101,1,8.39723394857163,,19.3,True
101,2,3.424594718104241,32.0,10.4|23.2,True
101,3,1.6872059476578485,31.5|34.5,10.0|18.2|25.0,True
101,4,1.1013460114046618,31.5|33.5|35.0,10.0|15.6|19.3|25.0,True
101,5,0.8755976034153484,31.0|32.5|34.0|35.5,10.0|13.6|17.1|20.3|25.0,True
102,1,8.511314593997847,,18.8,True
102,2,3.520221596160903,32.5,11.2|24.8,True
102,3,1.5855938838051826,31.5|34.5,10.2|17.4|25.0,True
102,4,1.1211399300171112,31.0|32.5|34.5,10.0|13.3|18.1|25.0,True
102,5,0.8449924793428167,31.0|32.5|33.5|35.0,10.0|13.3|16.3|19.3|25.0,True
103,1,8.658913525985868,,19.0,True
103,2,3.217842475135297,32.5,11.8|24.6,True
103,3,1.6641814026608568,31.5|34.5,10.1|17.9|25.0,True
103,4,1.0362478910538346,31.0|32.5|35.0,10.0|13.1|18.6|25.0,True
103,5,0.7890989593319594,31.0|32.0|33.5|35.0,10.0|12.6|15.6|19.1|25.0,True
104,1,8.22938080832022,,18.5,True
104,2,3.7076329520894764,32.5,12.1|23.7,True
104,3,1.7231664986553645,31.5|34.5,10.0|17.7|25.0,True
104,4,1.0988610530559735,31.0|33.0|35.0,10.0|14.9|19.0|25.0,True
104,5,0.7688986749117872,31.0|32.0|33.5|35.0,10.0|12.6|16.2|19.1|25.0,True
105,1,7.192050017741677,,16.6,True
105,2,3.4638820351495316,31.5,10.0|20.3,True
105,3,1.430105834717923,31.5|34.0,10.0|16.2|25.0,True
105,4,0.99764691633425,31.5|33.0|34.5,10.0|15.0|18.3|25.0,True
105,5,0.82574993382966,31.0|32.5|33.0|34.5,10.0|13.8|15.3|18.3|25.0,True
106,1,8.11133731790854,,18.4,True
106,2,3.5803558229772605,32.0,10.7|22.1,True
106,3,1.6945035859191453,31.5|34.5,10.1|17.3|25.0,True
106,4,1.1621544246949038,31.0|33.0|35.0,10.0|14.7|18.8|25.0,True
106,5,0.9194110295233728,31.0|32.0|33.0|35.0,10.0|12.5|14.9|18.8|25.0,True
107,1,8.230026768749882,,19.8,True
107,2,3.2949938559351026,32.0,10.5|22.6,True
107,3,1.7843970561507831,31.5|34.0,10.1|16.2|24.8,True
107,4,1.1613488899610946,31.5|33.5|35.0,10.1|16.0|19.7|25.0,True
107,5,0.9000152513336516,31.0|32.5|33.5|35.0,10.0|13.6|16.2|19.7|25.0,True
108,1,7.873027295545802,,18.3,True
108,2,3.7341008786856156,32.5,11.8|23.2,True
108,3,1.7891576687281392,31.5|34.0,10.2|16.0|25.0,True
108,4,1.1354662785079082,31.5|33.0|35.0,10.2|15.0|19.1|25.0,True
108,5,0.7630195152211681,31.0|32.0|33.5|35.0,10.0|12.4|16.0|19.7|25.0,True
109,1,8.067086861740995,,18.0,True
109,2,3.612165414974568,33.0,13.1|24.6,True
109,3,1.6742618055359264,31.5|34.0,10.0|16.2|25.0,True
109,4,1.163477933551174,31.0|32.5|34.5,10.0|13.6|18.0|25.0,True
109,5,0.8635544895064837,31.0|32.5|33.5|35.5,10.0|13.6|16.2|20.1|25.0,True
110,1,8.55017353179518,,18.4,True
110,2,3.5891302764010535,32.0,10.4|23.3,True
110,3,1.4916947446685591,31.5|34.5,10.0|17.3|25.0,True
110,4,1.029237882349504,31.5|33.0|35.0,10.0|14.7|18.4|25.0,True
110,5,0.7951365940242588,31.0|32.5|33.5|35.0,10.0|13.7|16.2|19.1|25.0,True
111,1,8.0748669893833,,18.1,True
111,2,3.284412051011378,32.0,10.9|23.2,True
111,3,1.6905808711507158,31.5|34.5,10.4|17.9|25.0,True
111,4,1.0661861502757264,31.5|33.0|35.0,10.4|14.7|18.8|25.0,True
111,5,0.8219578367102615,31.0|32.0|33.5|35.0,10.0|12.9|16.0|18.8|25.0,True
112,1,8.810134221570534,,19.2,True
112,2,3.1363515084670595,32.0,10.1|24.8,True
112,3,1.3978772554517185,31.5|34.0,10.0|16.5|25.0,True
112,4,0.9025314459432864,31.5|33.5|35.0,10.0|16.2|19.3|25.0,True
112,5,0.7000377233920047,31.0|32.5|34.0|35.5,10.0|13.9|16.6|20.3|25.0,True
113,1,8.309216904455893,,18.3,True
113,2,3.3120666785536677,32.0,10.2|23.1,True
113,3,1.4409586751424235,31.5|34.0,10.0|16.3|25.0,True
113,4,0.9252770604853011,31.5|33.0|35.0,10.0|15.0|19.0|25.0,True
113,5,0.7108508270639744,31.0|32.5|33.5|35.0,10.0|13.2|16.2|19.2|25.0,True
114,1,8.020691123738294,,18.5,True
114,2,3.3884614337230734,32.0,10.6|22.6,True
114,3,1.5856510907322936,31.5|34.5,10.0|18.2|25.0,True
114,4,1.0685328501294373,31.5|33.0|35.0,10.0|14.9|18.8|25.0,True
114,5,0.9107779800586154,31.0|32.5|34.0|35.5,10.0|13.1|17.3|20.5|25.0,True
115,1,8.228565186308733,,18.3,True
115,2,3.332751518979646,32.0,10.4|23.3,True
115,3,1.4726263931578971,31.5|34.5,10.0|17.7|25.0,True
115,4,0.9533882152797061,31.5|33.0|35.0,10.0|15.0|18.5|25.0,True
115,5,0.6945140268986567,31.0|32.5|33.5|35.0,10.0|13.1|16.2|19.0|25.0,True
116,1,8.737550117935001,,18.4,True
116,2,3.4144168139199067,33.0,12.9|25.0,True
116,3,1.5770104497820798,31.5|34.0,10.1|16.2|25.0,True
116,4,1.0917200231591184,31.0|32.5|34.5,10.0|13.3|17.9|25.0,True
116,5,0.8920551455409945,31.0|32.0|33.0|34.5,10.0|12.6|14.7|18.1|25.0,True
117,1,8.402702209924286,,18.5,True
117,2,3.3582173395765187,32.5,11.8|23.7,True
117,3,1.7498366672923371,31.5|34.5,10.1|17.4|25.0,True
117,4,1.130915801270809,31.0|33.0|35.0,10.0|14.1|19.1|25.0,True
117,5,0.7986335223019112,31.0|32.0|33.5|35.0,10.0|12.4|16.2|19.7|25.0,True
118,1,8.975352339013918,,19.0,True
118,2,3.263838475362611,32.5,12.1|25.0,True
118,3,1.6166496908063241,31.5|34.0,10.0|16.1|25.0,True
118,4,0.9866866618918326,31.0|32.5|35.0,10.0|13.3|18.8|25.0,True
118,5,0.7355199676420091,31.0|32.0|33.0|35.0,10.0|12.4|15.3|19.1|25.0,True
119,1,7.695539556930816,,18.2,True
119,2,3.5193170131851415,32.0,10.6|22.0,True
119,3,1.6416648087231702,31.5|34.5,10.1|17.9|25.0,True
119,4,1.0733481391990454,31.5|33.5|35.0,10.1|15.6|19.0|25.0,True
119,5,0.8047793998702373,31.0|32.5|33.5|35.0,10.0|13.7|16.2|19.0|25.0,True
120,1,8.349174828985225,,19.1,True
120,2,3.596589181043069,33.0,13.1|24.8,True
120,3,1.7404637629734736,31.5|34.0,10.1|16.3|25.0,True
120,4,1.203851769305046,31.0|32.5|35.0,10.0|13.6|18.6|25.0,True
120,5,0.8483520661176818,31.0|32.5|34.0|35.5,10.0|13.6|16.6|20.5|25.0,True
121,1,8.471435254110887,,18.3,True
121,2,3.431166758232283,33.0,12.6|25.0,True
121,3,1.5569756639557149,31.5|34.0,10.0|16.2|25.0,True
121,4,0.9906716313862023,31.0|33.0|35.0,10.0|13.9|19.1|25.0,True
121,5,0.7934169342158384,31.0|32.0|33.5|35.0,10.0|12.5|16.0|19.2|25.0,True
122,1,8.577303195626909,,18.8,True
122,2,3.391213361169606,32.0,10.5|23.3,True
122,3,1.555725654500373,31.5|34.5,10.1|17.3|25.0,True
122,4,1.125141632916043,31.0|32.5|34.5,10.0|13.2|17.7|25.0,True
122,5,0.8817654329067769,31.0|32.5|33.5|35.5,10.0|13.2|16.2|19.7|25.0,True
123,1,8.154928034940394,,18.5,True
123,2,3.586844416726026,32.5,12.1|23.6,True
123,3,1.6389026931030624,31.5|34.0,10.2|16.1|25.0,True
123,4,1.1457808641910474,31.5|33.5|35.0,10.2|16.0|19.7|25.0,True
123,5,0.79477992532173,31.0|32.0|33.5|35.0,10.0|12.6|16.0|19.7|25.0,True
124,1,7.7929142539866785,,18.2,True
124,2,3.2278549076821617,32.0,10.4|22.1,True
124,3,1.5906376509651567,31.5|34.0,10.0|16.5|25.0,True
124,4,1.0678446119529859,31.5|33.5|35.0,10.0|16.2|19.7|25.0,True
124,5,0.7989655497941424,31.0|32.5|33.5|35.0,10.0|13.0|16.2|19.7|25.0,True
125,1,8.446423095619993,,18.3,True
125,2,3.590038913532772,33.0,13.1|25.0,True
125,3,1.6421373686626881,31.5|34.0,10.2|16.2|25.0,True
125,4,1.0898257140309204,31.5|33.0|35.0,10.2|15.0|18.8|25.0,True
125,5,0.8022097272053114,31.0|32.0|33.5|35.5,10.0|12.4|16.1|19.1|25.0,True
126,1,8.3514370034304,,18.2,True
126,2,3.2252778915012463,32.0,10.5|23.7,True
126,3,1.3667878420825372,31.5|34.0,10.0|16.2|25.0,True
126,4,0.9342824689131194,31.5|33.5|35.5,10.0|16.0|19.8|25.0,True
126,5,0.7605829364635556,31.0|32.5|33.5|35.5,10.0|13.9|16.2|19.8|25.0,True
127,1,8.830957438561976,,21.1,True
127,2,3.3606010791876515,32.5,12.1|24.8,True
127,3,1.748140695201269,31.5|34.5,10.2|18.0|25.0,True
127,4,1.1155282216595017,31.0|32.5|35.0,10.0|13.6|18.6|25.0,True
127,5,0.900303966293087,31.0|32.0|33.5|35.0,10.0|12.4|16.5|18.8|25.0,True
128,1,7.8681199800402695,,18.6,True
128,2,3.6922815791847925,33.0,13.2|24.6,True
128,3,1.9049370779542445,31.5|34.0,10.1|16.5|25.0,True
128,4,1.1769169984963614,31.5|33.0|35.0,10.1|14.9|19.7|25.0,True
128,5,0.9073234711866165,31.0|32.5|33.5|35.0,10.0|13.6|16.3|19.7|25.0,True
129,1,8.364236850432407,,19.1,True
129,2,3.5501614364459844,32.5,11.8|23.6,True
129,3,1.822973869435406,31.5|34.5,10.1|17.9|25.0,True
129,4,1.1674599817606226,31.5|33.0|35.0,10.1|14.7|19.1|25.0,True
129,5,0.8588608760207312,31.0|32.0|33.5|35.0,10.0|12.4|16.0|19.2|25.0,True
130,1,8.148790470329727,,19.0,True
130,2,3.4333942420942347,32.0,10.9|22.6,True
130,3,1.7900043173822466,31.5|34.5,10.2|18.0|25.0,True
130,4,1.1864046775439647,31.0|33.0|35.0,10.0|14.7|18.8|25.0,True
130,5,0.9371799068595452,31.0|32.5|33.5|35.0,10.0|13.3|16.2|19.1|25.0,True
131,1,8.239702580076386,,19.2,True
131,2,3.6968929470173917,32.0,10.7|22.8,True
131,3,1.625799502529679,31.5|34.0,10.0|16.2|25.0,True
131,4,1.0413449850117584,31.5|33.5|35.0,10.0|16.0|19.7|25.0,True
131,5,0.7517244482800918,31.0|32.0|33.5|35.0,10.0|12.9|16.1|19.7|25.0,True
132,1,7.850317182186836,,17.3,True
132,2,3.6898211035955057,32.5,12.1|23.7,True
132,3,1.6003384473203466,31.5|34.0,10.4|16.5|25.0,True
132,4,1.1192258280252412,31.0|32.5|34.5,10.0|13.1|17.4|25.0,True
132,5,0.9252888117887564,31.0|32.0|33.0|34.5,10.0|12.4|15.0|17.7|25.0,True
133,1,8.555725098228741,,19.3,True
133,2,3.5260695802291537,32.0,10.4|24.6,True
133,3,1.6065586354692543,31.5|35.0,10.0|18.8|25.0,True
133,4,0.9876946869899551,31.5|33.5|35.0,10.0|16.0|19.3|25.0,True
133,5,0.7841854807312619,31.0|32.5|33.5|35.0,10.0|13.8|16.1|19.3|25.0,True
134,1,8.374355607563587,,18.3,True
134,2,3.3413612464721294,32.5,12.1|23.7,True
134,3,1.73074102480224,31.5|34.0,10.4|16.1|25.0,True
134,4,1.1132184497919253,31.0|32.5|35.0,10.0|13.3|18.6|25.0,True
134,5,0.8656026737579087,31.0|32.0|33.0|35.0,10.0|12.3|15.3|19.0|25.0,True
135,1,8.589463140636987,,18.5,True
135,2,3.6105197969798932,32.5,11.5|24.8,True
135,3,1.421843608614524,31.5|34.0,10.0|16.5|25.0,True
135,4,1.0408977843878509,31.0|32.5|34.5,10.0|13.3|17.4|25.0,True
135,5,0.7902140650088637,31.0|32.5|33.5|35.5,10.0|13.3|16.5|20.3|25.0,True
136,1,7.9868779132386765,,18.1,True
136,2,3.482267029190287,32.0,10.9|22.8,True
136,3,1.6552003051245618,31.5|34.5,10.3|17.4|25.0,True
136,4,1.0702650353790755,31.5|33.0|35.0,10.3|15.0|19.1|25.0,True
136,5,0.8070070881464345,31.0|32.0|33.5|35.0,10.0|12.6|16.0|19.3|25.0,True
137,1,8.405586023642895,,19.0,True
137,2,3.2851745222561366,32.0,10.7|23.1,True
137,3,1.603923605895198,31.5|34.0,10.4|16.2|25.0,True
137,4,1.1226041368588957,31.5|33.5|35.5,10.4|16.0|20.1|25.0,True
137,5,0.8365497849685949,31.0|32.0|33.5|35.5,10.0|12.4|16.2|20.1|25.0,True
138,1,8.494754436702639,,18.5,True
138,2,3.503592638384274,32.5,11.6|24.8,True
138,3,1.6993991319183284,31.5|34.5,10.5|17.4|25.0,True
138,4,1.1469654574329227,31.0|32.5|34.5,10.0|13.1|18.1|25.0,True
138,5,0.8472078457749977,31.0|32.0|33.5|35.0,10.0|12.4|16.2|19.1|25.0,True
139,1,8.139923336315212,,18.6,True
139,2,3.788313768601043,33.0,13.0|25.0,True
139,3,1.661905376287213,31.5|34.0,10.0|16.5|25.0,True
139,4,1.2071451088862726,31.0|33.0|35.0,10.0|14.4|19.1|25.0,True
139,5,0.8607936587703404,31.0|32.0|33.5|35.0,10.0|12.5|16.3|19.7|25.0,True
140,1,7.8657456153560315,,19.0,True
140,2,3.848144211337027,33.5,14.6|25.0,True
140,3,1.9062850486356266,31.5|34.5,10.4|18.1|25.0,True
140,4,1.202661906757006,31.5|33.0|35.0,10.4|15.2|19.1|25.0,True
140,5,0.9303694198159568,31.0|32.0|33.5|35.0,10.0|12.4|16.1|19.2|25.0,True
141,1,7.840073315834328,,18.5,True
141,2,3.6386933352451125,31.5,10.0|21.3,True
141,3,1.6442409247996237,31.5|34.0,10.0|16.5|25.0,True
141,4,1.0201365548601664,31.5|33.0|35.0,10.0|14.9|19.1|25.0,True
141,5,0.7991906009129817,31.0|32.5|33.5|35.0,10.0|13.3|16.2|19.2|25.0,True
142,1,8.3579265796653,,19.2,True
142,2,3.5840290781595368,32.5,12.1|23.7,True
142,3,1.810743701275226,31.5|34.0,10.1|16.1|25.0,True
142,4,1.2064129322278845,31.0|33.0|35.5,10.0|15.0|19.8|25.0,True
142,5,0.8054159276430323,31.0|32.0|33.5|35.5,10.0|12.4|16.1|20.3|25.0,True
143,1,8.375427025385124,,18.3,True
143,2,3.1858517860492537,32.0,10.7|23.1,True
143,3,1.5500545888144959,31.5|34.0,10.1|16.6|25.0,True
143,4,1.0918171671674028,31.5|33.0|35.0,10.1|15.0|19.2|25.0,True
143,5,0.7901038218055025,31.0|32.0|33.5|35.0,10.0|12.4|16.1|19.7|25.0,True
144,1,8.54720401094916,,18.6,True
144,2,3.4322824596518275,32.0,10.6|23.6,True
144,3,1.527615478534477,31.5|34.0,10.2|16.2|25.0,True
144,4,1.0861772214673575,31.5|33.5|35.5,10.2|16.0|20.5|25.0,True
144,5,0.8020623770313761,31.0|32.5|33.5|35.5,10.0|13.1|16.2|20.5|25.0,True
145,1,7.894354227499333,,18.6,True
145,2,3.7309015191434716,32.5,12.3|23.1,True
145,3,1.8129878999631162,31.5|34.5,10.3|17.9|25.0,True
145,4,1.1986190815922084,31.0|33.0|35.0,10.0|14.4|18.5|25.0,True
145,5,0.8697808022144479,31.0|32.0|33.5|35.0,10.0|12.4|16.2|18.8|25.0,True
146,1,8.283402392367753,,18.1,True
146,2,3.1998896975332585,32.0,10.4|22.6,True
146,3,1.3994717628365565,31.5|34.5,10.0|17.7|25.0,True
146,4,1.0199471886053637,31.5|33.0|35.0,10.0|14.9|18.5|25.0,True
146,5,0.8183301387365649,31.0|32.5|33.5|35.0,10.0|13.6|16.2|18.5|25.0,True
147,1,7.877108676258794,,18.5,True
147,2,3.504791008486219,32.0,10.7|22.6,True
147,3,1.7147540842839293,31.5|34.5,10.1|17.7|25.0,True
147,4,1.136534850777859,31.5|33.5|35.0,10.1|16.2|19.2|25.0,True
147,5,0.758274390164553,31.0|32.0|33.5|35.0,10.0|12.4|16.2|19.2|25.0,True
148,1,8.601050053505311,,17.9,True
148,2,3.5639657690823454,33.0,13.1|25.0,True
148,3,1.4042542312381885,31.5|34.0,10.0|16.2|25.0,True
148,4,0.9665828212814606,31.5|33.0|35.0,10.0|15.0|19.0|25.0,True
148,5,0.8335995177586005,31.0|32.5|33.5|36.0,10.0|13.6|16.2|20.9|25.0,True
149,1,7.759300465419315,,18.6,True
149,2,3.67729395514209,32.0,10.9|22.1,True
149,3,1.8517971219136113,31.5|34.5,10.2|18.0|25.0,True
149,4,1.2542733964564423,31.5|33.0|35.0,10.2|15.0|18.8|25.0,True
149,5,0.94255047431848,31.0|32.0|33.5|35.0,10.0|12.6|16.1|19.1|25.0,True
150,1,7.453704280058286,,17.9,True
150,2,2.850912010879085,32.0,10.7|21.9,True
150,3,1.6630796872765534,31.5|34.5,10.4|18.0|24.8,True
150,4,1.1538009512740095,31.0|32.5|34.5,10.0|13.6|18.3|24.8,True
150,5,0.975906429994309,30.5|31.5|33.0|34.5,10.0|10.9|14.4|18.4|24.8,True
151,1,8.81715052014537,,19.7,True
151,2,3.317427292454121,32.0,10.4|24.6,True
151,3,1.4841454694904455,31.5|34.5,10.0|17.4|25.0,True
151,4,1.051804407005842,31.5|33.5|35.0,10.0|16.0|19.2|25.0,True
151,5,0.8191087469779281,31.0|32.5|33.5|35.0,10.0|13.6|16.0|19.2|25.0,True
152,1,7.911602934956204,,19.1,True
152,2,3.2112915937682587,32.0,10.7|22.1,True
152,3,1.7908226796173976,31.5|35.0,10.2|19.0|25.0,True
152,4,1.1694756446036114,31.0|32.5|35.0,10.0|13.1|19.1|25.0,True
152,5,0.8390992116570614,31.0|32.0|33.5|35.0,10.0|12.5|16.2|19.3|25.0,True
153,1,9.01915443153094,,20.3,True
153,2,3.3021841201851037,32.0,10.4|24.7,True
153,3,1.471970265443089,31.5|34.5,10.0|17.7|25.0,True
153,4,1.0199835956100667,31.0|33.0|35.0,10.0|14.2|19.1|25.0,True
153,5,0.8432577779165801,31.0|33.0|34.0|36.0,10.0|14.2|17.3|22.1|25.0,True
154,1,8.196672264645127,,18.5,True
154,2,3.5753788578662937,32.0,10.7|23.2,True
154,3,1.655418580014392,31.5|34.0,10.1|16.5|25.0,True
154,4,1.0665669118905265,31.5|33.0|35.0,10.1|14.7|19.1|25.0,True
154,5,0.8455782064691924,31.0|32.5|33.5|35.0,10.0|13.7|16.2|19.2|25.0,True
155,1,8.805124522169738,,19.0,True
155,2,3.4901284371792753,32.0,10.5|24.7,True
155,3,1.514602005536286,31.5|34.5,10.0|18.0|25.0,True
155,4,0.943000097853421,31.5|33.0|35.0,10.0|15.0|19.0|25.0,True
155,5,0.7575901063307008,31.0|32.5|33.5|35.0,10.0|13.3|16.2|19.1|25.0,True
156,1,8.627099925718852,,19.8,True
156,2,3.68036500279021,33.0,13.6|24.8,True
156,3,1.6018282882033925,31.5|34.0,10.1|16.5|25.0,True
156,4,1.131981617785083,31.5|33.5|35.5,10.1|16.0|20.3|25.0,True
156,5,0.8845799108002156,31.5|32.5|33.5|35.5,10.1|13.9|16.2|20.3|25.0,True
157,1,8.66163451406817,,18.6,True
157,2,3.36619936179278,32.0,10.9|24.6,True
157,3,1.5820519534953978,31.5|34.5,10.0|17.4|25.0,True
157,4,1.1225064169038281,31.5|33.0|35.0,10.0|15.2|19.2|25.0,True
157,5,0.7748623514156674,31.0|32.0|33.5|35.0,10.0|12.4|16.1|19.7|25.0,True
158,1,7.605065592567791,,18.0,True
158,2,2.914704515014447,32.0,10.7|21.9,True
158,3,1.5918211205077026,31.5|33.5,10.0|15.4|23.1,True
158,4,1.1089123528449734,31.5|33.0|34.5,10.0|15.2|18.5|24.8,True
158,5,0.8566942762384108,31.0|32.0|33.0|34.5,10.0|12.4|15.3|18.5|24.8,True
159,1,8.820621859312336,,17.4,True
159,2,2.8365919642325608,32.0,10.3|24.6,True
159,3,1.2124423846319732,31.5|34.5,10.1|17.4|25.0,True
159,4,0.9074504901593312,31.5|33.0|34.5,10.1|15.3|18.4|25.0,True
159,5,0.7672502525280358,30.5|31.5|33.0|34.5,10.0|10.7|15.3|18.4|25.0,True
160,1,8.286427201979315,,18.8,True
160,2,3.6102996111524726,32.5,12.1|23.6,True
160,3,1.7691872904603618,31.5|34.0,10.2|16.0|25.0,True
160,4,1.17762163806272,31.5|33.5|35.0,10.2|15.6|19.7|25.0,True
160,5,0.7911593250361397,31.0|32.0|33.5|35.0,10.0|12.4|16.0|19.7|25.0,True
161,1,8.398581224522088,,18.8,True
161,2,3.690810709330195,33.0,13.1|25.0,True
161,3,1.5524350020396862,31.5|34.0,10.0|16.5|25.0,True
161,4,1.0004808839670867,31.0|33.0|35.0,10.0|14.7|19.3|25.0,True
161,5,0.702804035838242,31.0|32.5|33.5|35.0,10.0|13.7|16.3|19.7|25.0,True
162,1,8.144054529230711,,18.5,True
162,2,3.474891290947269,32.0,10.1|22.8,True
162,3,1.543454297959152,31.5|34.0,10.0|16.3|25.0,True
162,4,1.0263839520052225,31.5|33.0|35.0,10.0|15.0|18.8|25.0,True
162,5,0.7991589737983715,31.0|32.5|33.5|35.0,10.0|13.7|16.2|19.1|25.0,True
163,1,8.796490457758168,,19.7,True
163,2,3.616027807643509,32.5,11.1|25.0,True
163,3,1.650578939092077,31.5|34.5,10.6|17.7|25.0,True
163,4,1.1302655210302321,31.5|33.0|35.0,10.6|15.0|18.8|25.0,True
163,5,0.8788746093814408,31.0|32.0|33.5|35.0,10.0|12.3|16.0|19.2|25.0,True
164,1,8.130387348882023,,18.6,True
164,2,3.7469081162681057,32.0,10.5|23.1,True
164,3,1.64147508596631,31.5|34.0,10.2|16.5|25.0,True
164,4,1.086175173031455,31.0|33.5|35.5,10.0|15.5|20.1|25.0,True
164,5,0.8284396792500015,31.0|32.5|33.5|35.5,10.0|13.6|16.2|20.1|25.0,True
165,1,7.8125627336701156,,18.3,True
165,2,3.6898668661946163,32.0,10.9|22.1,True
165,3,1.7603806016424315,31.5|34.5,10.2|17.4|25.0,True
165,4,1.1754927307064533,31.5|33.5|35.0,10.2|16.0|19.0|25.0,True
165,5,0.8007336175470857,31.0|32.0|33.5|35.0,10.0|12.4|16.1|19.0|25.0,True
166,1,7.653900698217619,,17.4,True
166,2,3.446182344316637,32.0,10.7|22.1,True
166,3,1.5373050897984823,31.5|34.5,10.2|17.4|25.0,True
166,4,1.1212589756702471,31.5|33.0|34.5,10.2|14.7|18.2|25.0,True
166,5,0.952347349140097,30.5|31.5|33.0|34.5,10.0|10.9|14.7|18.2|25.0,True
167,1,7.860010219331462,,18.4,True
167,2,3.4707474309089643,32.0,10.7|22.6,True
167,3,1.6456844920909819,31.5|35.0,10.1|18.3|25.0,True
167,4,1.096950487861313,31.5|33.0|35.0,10.1|14.7|18.6|25.0,True
167,5,0.7798244889640311,31.0|32.0|33.5|35.0,10.0|12.4|16.1|19.1|25.0,True
168,1,6.977323282870398,,17.1,True
168,2,3.6675539670743107,32.5,12.4|21.9,True
168,3,1.6413704187322804,31.5|34.0,10.1|16.2|24.6,True
168,4,1.2008937971145486,31.5|33.0|34.5,10.1|15.0|18.2|24.8,True
168,5,0.9337767313965132,31.0|32.0|33.0|34.5,10.0|12.5|15.2|18.2|24.8,True
169,1,8.072484225186981,,19.1,True
169,2,3.6398961917697816,32.0,10.5|22.1,True
169,3,1.6831839592325386,31.5|34.0,10.0|16.2|25.0,True
169,4,1.0792150745285773,31.5|33.5|35.0,10.0|16.0|19.3|25.0,True
169,5,0.8078235429849726,31.0|32.5|33.5|35.0,10.0|13.2|16.2|19.3|25.0,True
170,1,8.642202777521788,,19.2,True
170,2,3.5084169679315274,33.0,13.3|25.0,True
170,3,1.6297945441667108,31.5|34.0,10.0|16.0|25.0,True
170,4,1.2031457141321145,31.5|33.0|35.0,10.0|15.0|19.2|25.0,True
170,5,0.8787531642668895,31.0|32.0|33.0|35.0,10.0|12.4|15.3|19.2|25.0,True
171,1,8.41567006188989,,19.7,True
171,2,3.563996689544389,32.5,12.4|23.7,True
171,3,1.853711211822514,31.5|34.0,10.0|16.1|25.0,True
171,4,1.1809099741523315,31.5|33.5|35.0,10.0|15.7|19.3|25.0,True
171,5,0.8033931368292341,31.0|32.0|33.5|35.0,10.0|12.6|16.1|19.3|25.0,True
172,1,8.576333204958354,,19.2,True
172,2,3.4616717674495225,33.0,12.9|25.0,True
172,3,1.6718024994217666,31.5|34.0,10.1|16.2|25.0,True
172,4,1.1811667258067162,31.0|33.0|35.0,10.0|14.4|19.1|25.0,True
172,5,0.8289767258600331,31.0|32.5|33.5|35.5,10.0|13.6|16.2|20.5|25.0,True
173,1,8.185066561221195,,18.8,True
173,2,3.5499900180787547,32.5,11.8|23.3,True
173,3,1.8245230619291342,31.5|34.5,10.4|17.4|25.0,True
173,4,1.2561061481313731,31.0|32.5|34.5,10.0|13.2|17.9|25.0,True
173,5,0.8551575716396187,31.0|32.0|33.5|35.0,10.0|12.4|16.3|19.7|25.0,True
174,1,8.399008114310423,,18.3,True
174,2,3.3571847893227185,32.0,10.6|23.3,True
174,3,1.5649378963879004,31.5|34.5,10.0|17.7|25.0,True
174,4,1.0370096074184623,31.5|33.5|35.0,10.0|15.7|19.1|25.0,True
174,5,0.759091305171009,31.0|32.0|33.5|35.0,10.0|12.4|16.0|19.1|25.0,True
175,1,8.606663065990146,,19.1,True
175,2,3.5517489079299667,33.0,12.5|24.8,True
175,3,1.6765177096770596,31.5|34.5,10.0|18.1|25.0,True
175,4,1.0369721713301103,31.5|33.0|35.0,10.0|14.2|19.0|25.0,True
175,5,0.8037677713274485,31.0|32.0|33.5|35.0,10.0|12.5|16.2|19.1|25.0,True
176,1,8.331854627552461,,19.1,True
176,2,3.6765819511275293,32.0,10.1|22.8,True
176,3,1.627230113079684,31.5|34.5,10.0|17.7|25.0,True
176,4,1.112960639985146,31.5|33.5|35.0,10.0|16.2|19.1|25.0,True
176,5,0.856853602581654,31.0|32.5|33.5|35.0,10.0|13.6|16.3|19.1|25.0,True
177,1,8.691618944115065,,18.8,True
177,2,3.442193888945085,33.0,13.2|25.0,True
177,3,1.5761297872788977,31.5|34.0,10.0|16.0|25.0,True
177,4,1.0759371244915656,31.5|33.0|35.0,10.0|14.9|19.1|25.0,True
177,5,0.7805178433997763,31.0|32.0|33.5|35.5,10.0|12.6|16.0|20.5|25.0,True
178,1,8.57557024784911,,19.2,True
178,2,3.447093361640909,32.5,11.6|24.8,True
178,3,1.7403112837794095,31.5|34.5,10.2|18.1|25.0,True
178,4,1.109077516970797,31.5|33.0|35.0,10.2|14.7|19.2|25.0,True
178,5,0.8821886407807484,31.0|32.0|33.5|35.0,10.0|12.4|16.0|19.7|25.0,True
179,1,8.757041340349856,,18.6,True
179,2,3.1146290895718503,32.0,10.4|23.7,True
179,3,1.3732914988403995,31.5|34.5,10.0|17.4|25.0,True
179,4,0.9445583217639986,31.5|33.0|35.0,10.0|15.0|19.1|25.0,True
179,5,0.8587139762117239,30.5|31.5|33.0|35.0,10.0|10.7|15.0|19.1|25.0,True
180,1,8.15079548241922,,18.3,True
180,2,3.393946004896327,32.5,12.1|23.7,True
180,3,1.7697415231241143,31.5|34.0,10.2|16.2|25.0,True
180,4,1.117318306287653,31.0|32.5|35.0,10.0|13.3|19.1|25.0,True
180,5,0.7852452908565019,31.0|32.0|33.5|35.0,10.0|12.5|16.1|19.3|25.0,True
181,1,8.013003654640865,,17.7,True
181,2,3.6849085329126408,32.0,10.7|22.1,True
181,3,1.5757572034608784,31.5|34.0,10.0|16.1|25.0,True
181,4,1.0569616244808262,31.5|33.0|35.0,10.0|15.0|18.2|25.0,True
181,5,0.8090403413911036,31.0|32.0|33.0|35.0,10.0|12.6|15.3|18.2|25.0,True
182,1,8.352074915877992,,19.0,True
182,2,3.361051663239813,32.0,10.6|23.3,True
182,3,1.6757659282958848,31.5|34.0,10.1|16.5|25.0,True
182,4,1.0835115789749798,31.5|33.5|35.0,10.1|15.5|19.7|25.0,True
182,5,0.7832788246516403,31.0|32.0|33.5|35.0,10.0|12.4|16.0|19.7|25.0,True
183,1,7.951991405543114,,18.8,True
183,2,3.064487590373805,32.0,10.6|22.1,True
183,3,1.7532542694513684,31.5|35.0,10.3|18.8|25.0,True
183,4,1.1266673228511812,31.5|33.0|35.0,10.3|15.0|19.3|25.0,True
183,5,0.8904102668376893,31.0|32.5|33.5|35.0,10.0|13.2|16.2|19.7|25.0,True
184,1,8.586321555018527,,18.3,True
184,2,3.34160362653189,32.5,11.5|24.8,True
184,3,1.639430543815613,31.5|34.0,10.4|16.5|25.0,True
184,4,1.0507702110839314,31.5|33.0|35.0,10.4|14.9|19.0|25.0,True
184,5,0.7541297825898349,31.0|32.0|33.0|35.0,10.0|12.4|15.0|19.0|25.0,True
185,1,8.28692065377232,,18.1,True
185,2,3.4286458625205327,32.5,12.1|23.6,True
185,3,1.702361160951874,31.5|34.0,10.1|16.5|25.0,True
185,4,1.0620129278253387,31.0|32.5|35.0,10.0|13.3|18.4|25.0,True
185,5,0.7396962340685661,31.0|32.0|33.0|35.0,10.0|12.5|15.3|18.8|25.0,True
186,1,8.023166216407368,,18.5,True
186,2,3.5866388616937104,32.0,10.7|22.1,True
186,3,1.740073254893668,31.5|34.0,10.4|16.1|25.0,True
186,4,1.1904556689633996,31.5|33.5|35.0,10.4|15.6|19.7|25.0,True
186,5,0.8992036603731999,31.0|32.5|33.5|35.0,10.0|13.6|16.0|19.7|25.0,True
187,1,8.557578690324815,,19.3,True
187,2,3.3508727750961755,32.0,10.7|23.1,True
187,3,1.7021195954368802,31.5|34.0,10.1|16.2|25.0,True
187,4,1.191959705904584,31.0|33.0|35.0,10.0|14.4|19.3|25.0,True
187,5,0.9000780335366952,31.0|32.0|33.5|35.5,10.0|12.5|16.0|20.3|25.0,True
188,1,7.940997626770458,,18.5,True
188,2,3.441486517641488,32.5,12.1|22.8,True
188,3,1.7988392900319192,31.5|34.5,10.0|17.7|25.0,True
188,4,1.1010778196083035,31.0|32.5|35.0,10.0|13.1|18.5|25.0,True
188,5,0.7855058625862231,31.0|32.0|33.5|35.0,10.0|12.4|16.0|19.2|25.0,True
189,1,8.43460756190188,,19.7,True
189,2,3.439484417363498,32.5,11.5|23.6,True
189,3,1.7384963482479778,31.5|34.5,10.1|17.4|25.0,True
189,4,1.2025050999833733,31.0|32.5|34.5,10.0|12.9|18.0|25.0,True
189,5,0.8838088043394267,31.0|32.0|34.0|35.5,10.0|12.4|17.1|20.9|25.0,True
190,1,7.9971918383976375,,18.8,True
190,2,3.783949984206411,32.0,10.6|23.1,True
190,3,1.7844217696597688,31.5|34.5,10.2|18.0|25.0,True
190,4,1.0863335029491394,31.5|33.0|35.0,10.2|14.7|19.1|25.0,True
190,5,0.8371796449017461,31.0|32.0|33.5|35.0,10.0|12.3|16.1|19.3|25.0,True
191,1,8.06778431907562,,18.5,True
191,2,3.4514810893953833,32.0,10.9|22.1,True
191,3,1.7544790830932864,31.5|34.5,10.3|17.9|25.0,True
191,4,1.1940930693293106,31.5|33.5|35.0,10.3|16.0|19.8|25.0,True
191,5,0.8408670550965299,31.0|32.0|33.5|35.0,10.0|12.4|16.1|19.8|25.0,True
192,1,7.593961853531786,,18.0,True
192,2,3.4000465308967787,32.0,10.6|22.0,True
192,3,1.633569617269856,31.5|34.0,10.1|16.7|24.8,True
192,4,1.1617899204704263,31.5|33.5|35.0,10.1|16.1|19.3|25.0,True
192,5,0.844726482149394,31.0|32.5|33.5|35.0,10.0|13.2|16.2|19.3|25.0,True
193,1,8.510479573616607,,19.1,True
193,2,3.6477510748950697,33.0,12.9|25.0,True
193,3,1.7224676959569523,31.5|34.0,10.0|16.3|25.0,True
193,4,1.0987061196952286,31.5|33.0|35.0,10.0|14.7|19.1|25.0,True
193,5,0.775561619057928,31.0|32.0|33.5|35.0,10.0|12.6|16.0|19.2|25.0,True
194,1,7.792140816200362,,18.4,True
194,2,3.7794302465714074,32.0,11.1|22.2,True
194,3,1.7232324805455652,31.5|34.5,10.0|17.4|25.0,True
194,4,1.09717934882954,31.0|33.0|34.5,10.0|14.9|18.5|25.0,True
194,5,0.7702157825566857,31.0|32.0|33.5|34.5,10.0|12.4|16.0|18.5|25.0,True
195,1,7.990700080755689,,18.3,True
195,2,3.235452944665393,32.0,10.5|22.8,True
195,3,1.5693997621532554,31.5|34.5,10.2|18.2|25.0,True
195,4,1.0198297440831872,31.5|33.0|35.0,10.2|14.7|18.8|25.0,True
195,5,0.8399364350126124,31.0|32.5|33.5|35.0,10.0|13.6|16.5|19.1|25.0,True
196,1,7.754661025152131,,18.3,True
196,2,3.628791076346939,32.0,10.9|21.9,True
196,3,1.751110718508725,31.5|34.0,10.3|16.2|25.0,True
196,4,1.1756727239523759,31.5|33.0|35.0,10.3|14.7|18.8|25.0,True
196,5,0.9006717930167489,31.0|32.0|33.5|35.0,10.0|12.4|16.2|19.3|25.0,True
197,1,8.082654324218812,,18.5,True
197,2,3.353670712374646,32.0,10.4|22.8,True
197,3,1.5175294109442024,31.5|34.5,10.0|18.0|25.0,True
197,4,1.020411792951231,31.5|33.5|35.0,10.0|16.0|19.0|25.0,True
197,5,0.7878716252296232,31.0|32.5|33.5|35.0,10.0|13.6|16.2|19.0|25.0,True
198,1,8.983500966652208,,19.1,True
198,2,3.426919888388155,32.5,11.3|25.0,True
198,3,1.6231689474321638,31.5|34.0,10.5|16.1|25.0,True
198,4,1.1362132691921403,31.5|33.0|35.0,10.5|15.0|18.8|25.0,True
198,5,0.7683504386259169,31.0|32.0|33.5|35.5,10.0|12.4|16.1|19.3|25.0,True
199,1,7.898840116806338,,18.5,True
199,2,3.6426284798087707,32.0,10.7|22.6,True
199,3,1.7291876851075423,31.5|34.5,10.0|18.0|25.0,True
199,4,1.0843198436603383,31.5|33.0|35.0,10.0|15.0|19.0|25.0,True
199,5,0.8146196518991308,31.0|32.5|33.5|35.0,10.0|13.3|16.2|19.1|25.0,True
200,1,8.138204775747047,,18.8,True
200,2,3.806972836124199,32.0,10.5|22.2,True
200,3,1.6854715748039362,31.5|34.5,10.1|17.4|25.0,True
200,4,1.0920328941329867,31.5|33.5|35.0,10.1|16.0|19.2|25.0,True
200,5,0.8219423692671692,31.0|32.5|33.5|35.0,10.0|13.6|16.2|19.2|25.0,True
201,1,8.187698910334381,,18.6,True
201,2,3.7311085148619503,33.5,14.2|25.0,True
201,3,1.6903120747654838,31.5|34.0,10.0|16.2|25.0,True
201,4,1.1558894873837873,31.0|33.0|35.0,10.0|14.4|19.1|25.0,True
201,5,0.8331128770623228,31.0|32.5|33.5|35.0,10.0|13.7|16.2|19.3|25.0,True
202,1,7.881662658831684,,18.4,True
202,2,3.1966426869125883,32.0,10.6|22.6,True
202,3,1.6024774069189818,31.5|34.5,10.4|17.9|25.0,True
202,4,1.1439035236829265,31.5|33.0|35.0,10.4|15.2|18.8|25.0,True
202,5,0.8123549226957173,31.0|32.0|33.5|35.0,10.0|12.4|16.1|18.8|25.0,True
203,1,8.522804667295235,,18.5,True
203,2,3.5495567079720183,32.0,10.6|23.7,True
203,3,1.5053831104382898,31.5|34.5,10.2|17.4|25.0,True
203,4,1.0647775777898185,31.5|33.5|35.5,10.2|16.0|19.7|25.0,True
203,5,0.7876310137367847,31.0|32.0|33.5|35.5,10.0|12.5|16.1|19.7|25.0,True
204,1,8.6350596913168,,20.1,True
204,2,3.5645416576407776,32.0,10.4|23.3,True
204,3,1.5562678770327525,31.5|34.0,10.0|16.2|25.0,True
204,4,1.0241014578790197,31.5|33.5|35.0,10.0|16.0|19.7|25.0,True
204,5,0.8532404330796576,31.0|32.5|33.5|35.0,10.0|13.6|16.1|19.7|25.0,True
205,1,7.638774915207771,,18.3,True
205,2,3.6253978454247213,33.5,14.6|23.7,True
205,3,1.8165135795101506,31.5|33.5,10.1|15.4|23.7,True
205,4,1.2205821772328767,31.5|33.5|35.0,10.1|15.4|19.7|25.0,True
205,5,0.8999943075531412,31.0|32.5|33.5|35.0,10.0|13.7|16.1|19.7|25.0,True
206,1,8.480582936159326,,18.3,True
206,2,3.54858585708656,33.0,13.1|25.0,True
206,3,1.6405526532197072,31.5|34.0,10.2|16.2|25.0,True
206,4,1.102171486837399,31.5|33.0|35.0,10.2|14.8|19.3|25.0,True
206,5,0.7885683738763056,31.0|32.0|33.5|35.0,10.0|12.4|15.6|19.7|25.0,True
207,1,7.868034893004328,,18.5,True
207,2,3.218778089566249,32.0,10.7|21.9,True
207,3,1.7114400964891436,31.5|34.5,10.4|17.4|25.0,True
207,4,1.2177086542724815,31.5|33.0|35.0,10.4|14.7|18.8|25.0,True
207,5,0.9297705777442388,31.0|32.0|33.5|35.0,10.0|12.3|16.1|19.3|25.0,True
208,1,8.719321830792499,,18.5,True
208,2,3.309825565087634,32.0,10.4|24.8,True
208,3,1.3621214578302256,31.5|34.5,10.1|17.4|25.0,True
208,4,0.9386957978705892,31.5|33.5|35.0,10.1|16.2|19.2|25.0,True
208,5,0.7516151751901756,31.0|32.5|33.5|35.0,10.0|13.1|16.2|19.2|25.0,True
209,1,7.691471355456997,,18.5,True
209,2,3.8113966325506876,33.5,14.7|24.8,True
209,3,1.9607825798304925,31.5|34.5,10.2|17.7|25.0,True
209,4,1.2619483033500358,31.5|33.0|35.0,10.2|15.0|18.5|25.0,True
209,5,0.9523814449752693,31.0|32.0|33.0|35.0,10.0|12.5|15.2|18.5|25.0,True
210,1,7.819790450536976,,18.4,True
210,2,3.4760723405906058,32.5,11.8|23.6,True
210,3,1.8279762841175482,31.5|34.5,10.4|18.3|25.0,True
210,4,1.0958818407317659,31.0|32.5|35.0,10.0|13.3|18.8|25.0,True
210,5,0.7599093290681309,31.0|32.0|33.5|35.0,10.0|12.4|16.1|19.3|25.0,True
211,1,8.136033045327963,,19.2,True
211,2,3.6840126977988885,32.0,11.1|23.2,True
211,3,1.8303629079541224,31.5|34.5,10.0|17.4|25.0,True
211,4,1.148099339563789,31.5|33.5|35.0,10.0|16.0|19.7|25.0,True
211,5,0.7828656629319486,31.0|32.0|33.5|35.0,10.0|12.4|16.0|19.7|25.0,True
212,1,8.708540090561566,,19.7,True
212,2,3.3791796654422126,32.0,10.7|23.7,True
212,3,1.6195172950941525,31.5|34.0,10.0|16.0|25.0,True
212,4,1.051882781859998,31.5|33.5|35.5,10.0|15.4|20.9|25.0,True
212,5,0.7745035052205648,31.0|32.0|33.5|35.5,10.0|12.4|16.0|20.9|25.0,True
213,1,8.45847658143317,,18.5,True
213,2,3.5197140404703022,32.5,11.3|24.8,True
213,3,1.6823746150065202,31.5|34.5,10.4|17.9|25.0,True
213,4,1.1122406100658977,31.5|33.5|35.0,10.4|15.5|19.3|25.0,True
213,5,0.761173700897151,31.0|32.0|33.5|35.0,10.0|12.3|15.7|19.3|25.0,True
214,1,8.29328923608152,,18.8,True
214,2,3.6500398692998273,32.5,12.1|23.6,True
214,3,1.5177448943212084,31.5|34.0,10.0|16.2|25.0,True
214,4,1.0618141218253776,31.5|33.5|35.5,10.0|16.0|20.5|25.0,True
214,5,0.71974503959797,31.0|32.5|33.5|35.5,10.0|13.6|16.3|20.5|25.0,True
215,1,7.805942857155256,,18.0,True
215,2,3.081558883867341,32.0,10.5|21.8,True
215,3,1.6207201981448862,31.5|34.5,10.2|17.4|25.0,True
215,4,1.0983496708576401,31.5|33.0|35.0,10.2|14.9|19.1|25.0,True
215,5,0.893416622260803,31.0|32.5|33.5|35.0,10.0|13.7|16.2|19.2|25.0,True
216,1,8.05197049550386,,17.7,True
216,2,3.5583246827674913,32.0,10.6|22.6,True
216,3,1.558396087285778,31.5|34.0,10.0|16.3|25.0,True
216,4,1.0457881977235015,31.5|33.5|35.0,10.0|15.6|19.7|25.0,True
216,5,0.7835169923500785,31.0|32.0|33.5|35.0,10.0|12.9|15.6|19.7|25.0,True
217,1,8.492346446484596,,19.7,True
217,2,3.56303139674225,33.0,12.6|24.8,True
217,3,1.7695258134685803,31.5|34.0,10.0|16.6|25.0,True
217,4,1.2258556603474742,31.0|32.5|34.5,10.0|13.2|17.4|25.0,True
217,5,0.8910274889110362,31.0|32.0|33.5|35.0,10.0|12.4|16.2|19.7|25.0,True
218,1,8.45021761557634,,18.6,True
218,2,3.269434152896126,32.5,12.1|23.7,True
218,3,1.6917634257337058,31.5|34.5,10.0|17.4|25.0,True
218,4,1.0068232618751254,31.0|32.5|35.0,10.0|13.3|19.0|25.0,True
218,5,0.7986320886405806,31.0|32.0|33.5|35.0,10.0|12.4|16.0|19.2|25.0,True
219,1,8.24419957079779,,18.3,True
219,2,3.6694162872371976,32.5,12.3|23.6,True
219,3,1.5245125922643685,31.5|34.0,10.0|16.2|25.0,True
219,4,1.128557445830621,31.0|32.5|34.5,10.0|13.6|17.7|25.0,True
219,5,0.775485172488226,31.0|32.5|33.5|35.5,10.0|13.6|16.2|19.7|25.0,True
220,1,8.45308693724946,,18.5,True
220,2,3.589847018474044,32.5,12.1|25.0,True
220,3,1.5813480751433622,31.5|34.0,10.1|16.5|25.0,True
220,4,1.0795344268301204,31.0|33.0|35.0,10.0|14.6|18.8|25.0,True
220,5,0.7872616451653857,31.0|32.5|33.5|35.0,10.0|13.6|16.3|19.3|25.0,True
221,1,8.419453305097656,,19.0,True
221,2,3.7334833166252523,33.5,14.1|25.0,True
221,3,1.5882262449330282,31.5|34.0,10.0|16.2|25.0,True
221,4,1.0702856445760842,31.5|33.5|35.5,10.0|16.0|20.1|25.0,True
221,5,0.8067416123164106,31.5|32.5|33.5|35.5,10.0|14.1|16.2|20.1|25.0,True
222,1,7.869147050832584,,18.3,True
222,2,3.0358522969806527,32.0,10.7|22.1,True
222,3,1.6877526513211916,31.5|34.0,10.4|16.2|23.6,True
222,4,1.165313098321675,31.5|33.0|35.0,10.4|15.3|19.0|25.0,True
222,5,0.869591674199357,31.0|32.0|33.5|35.0,10.0|12.6|16.0|19.1|25.0,True
223,1,8.158931712818417,,18.8,True
223,2,3.237299700633636,32.0,10.5|23.1,True
223,3,1.6037953684798814,31.5|34.0,10.1|16.1|25.0,True
223,4,1.074935961692791,31.5|33.5|35.0,10.1|15.7|19.8|25.0,True
223,5,0.7718371926212234,31.0|32.0|33.5|35.0,10.0|12.4|16.0|19.8|25.0,True
224,1,8.409786728991099,,19.3,True
224,2,3.405725721299255,32.0,10.3|23.3,True
224,3,1.621215345039794,31.5|35.0,10.0|19.1|25.0,True
224,4,0.971777776175661,31.5|33.5|35.0,10.0|16.0|19.7|25.0,True
224,5,0.7689874980627859,31.0|32.5|33.5|35.0,10.0|13.1|16.1|19.7|25.0,True
225,1,8.266463138950535,,19.1,True
225,2,3.4779835289099403,32.0,10.7|22.8,True
225,3,1.7137475014747623,31.5|34.5,10.2|17.7|25.0,True
225,4,1.2045063937657108,31.5|33.5|35.0,10.2|16.0|19.7|25.0,True
225,5,0.8862237632531228,31.0|32.0|33.5|35.0,10.0|12.5|16.1|19.7|25.0,True
226,1,8.485532359101464,,20.1,True
226,2,3.395333560810443,32.0,10.2|23.3,True
226,3,1.6204956750383395,31.5|34.5,10.0|17.9|25.0,True
226,4,1.0915133513786806,31.5|33.0|35.0,10.0|15.0|19.1|25.0,True
226,5,0.8649912933591795,31.0|32.5|34.0|35.5,10.0|13.6|17.4|20.7|25.0,True
227,1,8.102336546633207,,18.5,True
227,2,3.5960525926806164,32.0,10.9|23.1,True
227,3,1.7235925694129701,31.5|34.0,10.4|16.5|24.8,True
227,4,1.1457809029269779,31.5|33.0|35.0,10.4|15.0|18.8|25.0,True
227,5,0.877362081278899,31.0|32.0|33.5|35.0,10.0|12.4|16.1|19.1|25.0,True
228,1,8.554306815962592,,18.8,True
228,2,3.7139737307940273,33.0,13.2|25.0,True
228,3,1.6751668536451805,31.5|34.0,10.1|16.0|25.0,True
228,4,1.0646598454166774,31.5|33.5|35.0,10.1|16.0|19.3|25.0,True
228,5,0.7939891466682544,31.0|32.5|33.5|35.0,10.0|13.6|16.0|19.3|25.0,True
229,1,8.654230177972368,,19.7,True
229,2,3.3074028003608826,32.0,10.9|24.6,True
229,3,1.709750432642327,31.5|34.5,10.3|18.2|25.0,True
229,4,1.1678343478740936,31.5|33.0|35.0,10.3|15.2|19.2|25.0,True
229,5,0.8434839634726881,31.0|32.0|33.5|35.0,10.0|12.4|16.1|19.2|25.0,True
230,1,9.1536857698204,,20.1,True
230,2,3.2793591348666244,32.5,11.1|25.0,True
230,3,1.5107203335329142,31.5|34.0,10.0|16.2|25.0,True
230,4,1.081925586599812,31.5|33.0|34.5,10.0|15.0|18.3|25.0,True
230,5,0.7856017072743025,31.0|32.0|33.0|34.5,10.0|12.4|15.0|18.3|25.0,True
231,1,8.24298289039665,,18.8,True
231,2,3.7083335229349257,32.0,10.7|23.6,True
231,3,1.6609487515633747,31.5|34.0,10.1|16.3|25.0,True
231,4,1.0479963985531169,31.5|33.5|35.0,10.1|16.1|19.3|25.0,True
231,5,0.7241797671369432,31.0|32.0|33.5|35.0,10.0|12.4|16.2|19.3|25.0,True
232,1,8.729566612712064,,18.5,True
232,2,3.604631467160119,32.5,12.1|24.8,True
232,3,1.5611585302968087,31.5|34.5,10.1|17.3|25.0,True
232,4,1.0743317157998915,31.0|33.0|34.5,10.0|14.7|18.2|25.0,True
232,5,0.8202878826216433,31.0|32.0|33.5|35.0,10.0|12.4|16.2|19.3|25.0,True
233,1,8.182703613498965,,18.3,True
233,2,3.602163972940078,33.0,13.3|23.6,True
233,3,1.6619480454344255,31.5|34.0,10.0|16.6|25.0,True
233,4,1.0553016934047965,31.5|33.0|35.0,10.0|14.6|18.8|25.0,True
233,5,0.8324336725180098,31.0|32.5|33.5|35.0,10.0|13.6|16.1|19.1|25.0,True
234,1,8.828481152028845,,18.6,True
234,2,3.2313075183392757,33.0,12.6|25.0,True
234,3,1.6699162083107388,31.5|34.0,10.1|16.1|25.0,True
234,4,0.974553368751336,31.0|32.5|35.0,10.0|13.1|18.6|25.0,True
234,5,0.7956137416036866,31.0|32.0|33.0|35.0,10.0|12.6|14.7|18.6|25.0,True
235,1,8.204507121409506,,18.1,True
235,2,3.403409290574298,32.5,11.3|23.7,True
235,3,1.6218293984644176,31.5|34.5,10.4|17.3|25.0,True
235,4,1.1174724335576405,31.0|32.5|34.5,10.0|13.1|17.7|25.0,True
235,5,0.8137043813329999,31.0|32.5|33.5|35.0,10.0|13.1|16.3|19.3|25.0,True
236,1,8.455949455661978,,18.8,True
236,2,3.3940864133539566,32.0,10.9|23.6,True
236,3,1.69036802651423,31.5|34.0,10.6|16.2|25.0,True
236,4,1.2084424786392158,31.5|33.5|35.5,10.6|15.7|19.8|25.0,True
236,5,0.8292150270654992,31.0|32.0|33.5|35.5,10.0|12.1|16.1|19.8|25.0,True
237,1,7.677412395012923,,17.4,True
237,2,3.2279540211043187,31.5,10.0|21.3,True
237,3,1.5985283663433174,31.5|34.0,10.0|16.1|25.0,True
237,4,1.096502346714222,31.5|33.0|35.0,10.0|14.9|19.0|25.0,True
237,5,0.8548025450212061,31.0|32.0|33.0|35.0,10.0|12.6|15.0|19.0|25.0,True
238,1,8.624442353664822,,18.5,True
238,2,3.5088877730540275,32.0,10.5|23.6,True
238,3,1.6134650876303274,31.5|34.5,10.1|17.4|25.0,True
238,4,1.0981276141576657,31.5|33.5|35.0,10.1|15.7|19.7|25.0,True
238,5,0.8263986283537629,31.0|32.5|33.5|35.0,10.0|13.6|16.1|19.7|25.0,True
239,1,8.685494211560446,,19.7,True
239,2,3.6136268124246915,32.5,11.8|24.8,True
239,3,1.6131979394072866,31.5|34.5,10.0|18.1|25.0,True
239,4,1.052156020915103,31.5|33.5|35.0,10.0|15.6|19.1|25.0,True
239,5,0.7980884127840749,31.0|32.5|33.5|35.0,10.0|13.3|16.0|19.1|25.0,True
240,1,7.833193135271102,,18.0,True
240,2,3.3505831652959337,32.0,10.7|22.1,True
240,3,1.6955359582334433,31.5|34.0,10.4|16.5|24.8,True
240,4,1.217500126173253,31.5|33.5|35.0,10.4|16.0|19.3|25.0,True
240,5,0.8855552429372745,31.0|32.5|33.5|35.0,10.0|13.1|16.2|19.3|25.0,True
241,1,8.044497172979844,,19.2,True
241,2,3.5605527051708115,32.0,10.2|22.6,True
241,3,1.7169939388199886,31.5|35.0,10.0|18.8|25.0,True
241,4,1.0479097540956044,31.0|33.0|35.0,10.0|14.8|19.2|25.0,True
241,5,0.8295516886530786,31.0|32.5|33.5|35.0,10.0|13.9|16.2|19.3|25.0,True
242,1,8.230881016257204,,18.6,True
242,2,3.583398107863587,32.0,10.4|22.1,True
242,3,1.6148697434339776,31.5|34.0,10.1|16.0|25.0,True
242,4,1.0784195512196755,31.5|33.5|35.5,10.1|15.7|20.5|25.0,True
242,5,0.8102639372427229,31.0|32.5|33.5|35.5,10.0|13.8|16.0|20.5|25.0,True
243,1,7.4813020717885665,,18.0,True
243,2,3.2434595444291547,31.5,10.0|20.9,True
243,3,1.673035825311806,31.5|34.5,10.0|18.0|25.0,True
243,4,1.1040703442429456,31.5|33.0|34.5,10.0|15.0|18.5|25.0,True
243,5,0.8596962182085484,31.0|32.0|33.5|34.5,10.0|12.6|16.0|18.8|25.0,True
244,1,7.935385694718401,,18.5,True
244,2,3.2965429382556737,32.0,10.7|22.2,True
244,3,1.6545606216586566,31.5|34.0,10.0|16.3|25.0,True
244,4,1.1109619448846844,31.5|33.5|35.0,10.0|16.0|19.7|25.0,True
244,5,0.7848891777766833,31.0|32.0|33.5|35.0,10.0|12.4|16.1|19.7|25.0,True
245,1,8.424419365213744,,19.3,True
245,2,3.6092545981822406,33.0,13.7|24.8,True
245,3,1.7169047075864143,31.5|34.0,10.0|16.1|25.0,True
245,4,1.1374433414588028,31.5|33.0|35.0,10.0|15.0|19.2|25.0,True
245,5,0.8934577405204086,31.0|32.5|33.5|35.0,10.0|13.8|16.1|19.7|25.0,True
246,1,8.289040038949636,,18.6,True
246,2,3.6163294998908486,32.5,11.6|24.7,True
246,3,1.633243889875691,31.5|34.5,10.0|17.4|25.0,True
246,4,1.0623928603489212,31.5|33.0|35.0,10.0|14.9|18.8|25.0,True
246,5,0.7741003054252483,31.0|32.0|33.5|35.0,10.0|12.5|16.1|19.2|25.0,True
247,1,8.110599622152838,,18.3,True
247,2,3.268856449992039,32.0,10.7|22.8,True
247,3,1.598584097933046,31.5|34.5,10.1|17.9|25.0,True
247,4,1.0139969891599625,31.0|32.5|35.0,10.0|13.2|18.5|25.0,True
247,5,0.7804204665691789,31.0|32.0|33.5|35.0,10.0|12.4|16.2|19.0|25.0,True
248,1,8.573028818541522,,20.1,True
248,2,3.348914843090884,32.0,10.5|23.3,True
248,3,1.615714503108222,31.5|34.0,10.3|16.2|25.0,True
248,4,1.1676910269559226,31.5|33.5|35.5,10.3|16.2|20.5|25.0,True
248,5,0.8739753007270689,31.0|32.5|34.0|35.5,10.0|13.7|16.5|20.9|25.0,True
249,1,8.318678423850498,,19.1,True
249,2,3.1644578668688887,32.0,10.6|23.1,True
249,3,1.6268401777886747,31.5|35.0,10.4|18.6|25.0,True
249,4,1.1012207237404767,31.5|33.5|35.0,10.4|16.0|19.1|25.0,True
249,5,0.8302963009061414,31.0|32.0|33.5|35.0,10.0|12.4|16.2|19.1|25.0,True
250,1,8.272947348073826,,19.3,True
250,2,3.584670089627191,32.5,12.1|23.1,True
250,3,1.8647827361156473,31.5|35.0,10.2|18.5|25.0,True
250,4,1.1772365109368146,31.5|33.5|35.0,10.2|15.5|19.3|25.0,True
250,5,0.8426392327337537,31.0|32.5|33.5|35.0,10.0|13.2|16.0|19.3|25.0,True
251,1,8.858491989799875,,18.5,True
251,2,3.037055894444806,32.5,11.1|25.0,True
251,3,1.4978978862932644,31.5|34.0,10.3|16.1|25.0,True
251,4,0.9752594670144169,31.0|32.5|35.0,10.0|13.1|18.8|25.0,True
251,5,0.7060497198678782,31.0|32.0|33.5|35.5,10.0|12.4|16.0|19.7|25.0,True
252,1,8.00120270819166,,18.0,True
252,2,3.5772970094534835,32.0,10.6|22.6,True
252,3,1.5983289036847008,31.5|34.5,10.2|17.4|25.0,True
252,4,1.1127988148548416,31.5|33.5|35.0,10.2|16.0|19.3|25.0,True
252,5,0.8030805320807013,31.0|32.0|33.5|35.0,10.0|12.3|16.0|19.3|25.0,True
253,1,8.09148468520668,,18.3,True
253,2,3.6016167416801936,32.0,10.7|23.1,True
253,3,1.656738791824865,31.5|34.0,10.6|16.0|25.0,True
253,4,1.145073236808061,31.5|33.0|35.0,10.6|15.0|18.8|25.0,True
253,5,0.8331932634867646,31.0|32.0|33.5|35.5,10.0|12.4|15.7|19.7|25.0,True
254,1,8.718305518747787,,19.1,True
254,2,3.5644219064361145,32.0,10.2|24.8,True
254,3,1.4348634886935816,31.5|34.0,10.0|16.6|25.0,True
254,4,1.0122993616566702,31.5|33.5|35.0,10.0|16.0|19.7|25.0,True
254,5,0.7858624953508849,31.0|32.5|33.5|35.0,10.0|13.6|16.2|19.7|25.0,True
255,1,8.753106253246054,,19.3,True
255,2,3.486475312677616,32.0,10.4|23.7,True
255,3,1.513148961254128,31.5|34.0,10.0|16.1|25.0,True
255,4,1.0345145047730888,31.5|33.0|35.0,10.0|15.0|19.3|25.0,True
255,5,0.8081400863487882,31.0|32.5|33.5|35.5,10.0|13.3|16.1|19.8|25.0,True
256,1,8.271816023358992,,18.8,True
256,2,3.671718297316149,33.0,13.6|24.8,True
256,3,1.6882351574937353,31.5|35.0,10.0|18.5|25.0,True
256,4,0.9439506751988609,31.5|33.0|35.0,10.0|14.8|19.1|25.0,True
256,5,0.7879875941940505,31.0|32.5|33.5|35.0,10.0|13.7|16.1|19.3|25.0,True
257,1,8.27831876843382,,18.5,True
257,2,3.2615392065466513,32.0,10.6|22.8,True
257,3,1.622968937400932,31.5|34.5,10.1|17.4|25.0,True
257,4,1.137378966009809,31.0|32.5|34.5,10.0|13.2|18.0|25.0,True
257,5,0.8999983609912504,31.0|32.5|33.5|35.0,10.0|13.2|16.2|19.7|25.0,True
258,1,8.140658709997037,,17.9,True
258,2,3.543267431874056,32.0,10.9|23.3,True
258,3,1.624225029151494,31.5|34.5,10.1|17.4|25.0,True
258,4,1.0362671389409432,31.0|33.0|35.0,10.0|14.7|18.8|25.0,True
258,5,0.7394497339723082,31.0|32.0|33.5|35.0,10.0|12.5|16.0|19.1|25.0,True
259,1,8.332787715244832,,18.8,True
259,2,3.348392225952623,32.5,12.1|23.3,True
259,3,1.7126764709413473,31.5|34.5,10.0|17.9|25.0,True
259,4,1.0501397763286635,31.0|32.5|34.5,10.0|13.2|18.4|25.0,True
259,5,0.8109142413117617,31.0|32.5|34.0|35.5,10.0|13.2|17.4|21.1|25.0,True
260,1,8.446587323541548,,18.5,True
260,2,3.574224300829486,33.0,12.9|25.0,True
260,3,1.6953920897314374,31.5|34.5,10.1|17.3|25.0,True
260,4,1.0849098636795769,31.0|32.5|34.5,10.0|13.2|18.1|25.0,True
260,5,0.828074318000093,31.0|32.5|33.5|35.0,10.0|13.2|16.2|19.0|25.0,True
261,1,8.48705081407232,,18.5,True
261,2,3.4887018823316964,33.0,13.1|24.8,True
261,3,1.6829674612010215,31.5|34.0,10.1|16.0|25.0,True
261,4,1.2225327712473868,31.0|32.5|34.5,10.0|13.3|17.4|25.0,True
261,5,0.9075096254094537,31.0|32.0|33.5|35.5,10.0|12.6|15.7|20.7|25.0,True
262,1,8.476000743584109,,18.5,True
262,2,3.2382877339125242,32.0,10.6|23.3,True
262,3,1.536704451872857,31.5|34.0,10.0|16.2|25.0,True
262,4,1.086720592985709,31.0|32.5|34.5,10.0|13.1|18.2|25.0,True
262,5,0.7764767109025997,31.0|32.0|33.5|35.5,10.0|12.4|16.2|20.3|25.0,True
263,1,7.958886165570872,,18.6,True
263,2,3.651937305319336,32.0,10.9|21.9,True
263,3,1.870199665629935,31.5|34.0,10.5|16.2|25.0,True
263,4,1.233715977030188,31.5|33.0|35.0,10.5|15.0|19.0|25.0,True
263,5,0.9020369349544622,31.0|32.0|33.5|35.0,10.0|12.5|16.0|19.3|25.0,True
264,1,8.69237038968673,,18.8,True
264,2,3.405165634542954,32.5,11.3|25.0,True
264,3,1.6709500774086963,31.5|34.5,10.4|17.4|25.0,True
264,4,1.1290343214898164,31.0|32.5|34.5,10.0|13.1|18.1|25.0,True
264,5,0.8766471720013967,31.0|32.5|33.5|35.0,10.0|13.1|16.5|19.2|25.0,True
265,1,8.333937300620379,,18.4,True
265,2,3.302553062179345,32.0,10.1|22.8,True
265,3,1.4449683546327003,31.5|34.5,10.0|17.4|25.0,True
265,4,1.0022841696608273,31.5|33.0|34.5,10.0|15.0|18.4|25.0,True
265,5,0.8127621396275638,31.0|32.5|33.5|35.0,10.0|13.6|16.1|19.0|25.0,True
266,1,7.619863922175185,,17.3,True
266,2,3.507158532158867,33.0,12.9|24.7,True
266,3,1.8167722703762743,31.5|34.0,10.4|16.2|25.0,True
266,4,1.225415785205896,31.5|33.0|34.5,10.4|14.4|18.3|25.0,True
266,5,0.9298870173864688,31.0|32.0|33.0|34.5,10.0|12.4|14.8|18.3|25.0,True
267,1,8.473859981654401,,18.8,True
267,2,3.4905799006699954,32.5,12.1|23.7,True
267,3,1.7546435509144491,31.5|34.0,10.0|16.5|25.0,True
267,4,1.1618396912046165,31.0|33.0|35.0,10.0|14.2|18.8|25.0,True
267,5,0.8343537862142697,31.0|32.0|33.5|35.0,10.0|12.4|16.2|19.2|25.0,True
268,1,7.8968170811505995,,18.6,True
268,2,3.51549061031622,32.0,10.5|22.2,True
268,3,1.70092962784656,31.5|34.5,10.0|17.9|25.0,True
268,4,1.1055487459290145,31.5|33.5|35.0,10.0|15.6|19.1|25.0,True
268,5,0.8251855607255515,31.0|32.5|33.5|35.0,10.0|13.2|16.1|19.1|25.0,True
269,1,8.524453646702161,,19.3,True
269,2,3.385460990118759,32.0,10.7|23.2,True
269,3,1.6855991428488257,31.5|34.5,10.1|17.9|25.0,True
269,4,1.1292087194792868,31.5|33.0|35.0,10.1|14.6|18.6|25.0,True
269,5,0.8945463153550445,31.0|32.0|33.5|35.0,10.0|12.4|16.1|19.1|25.0,True
270,1,8.792544870928312,,18.8,True
270,2,3.6182100860732844,32.5,11.1|25.0,True
270,3,1.4819554529071342,31.5|34.5,10.4|17.4|25.0,True
270,4,1.0185918153718232,31.5|33.5|35.0,10.4|15.6|18.8|25.0,True
270,5,0.8372110711055889,31.0|32.5|33.5|35.0,10.0|13.3|16.0|18.8|25.0,True
271,1,7.726661294875627,,17.4,True
271,2,3.6955279994609316,32.0,10.6|22.1,True
271,3,1.4561516156067749,31.5|34.5,10.0|17.4|25.0,True
271,4,0.9559427277995889,31.0|32.5|34.5,10.0|13.1|17.7|25.0,True
271,5,0.668986699808812,31.0|32.0|33.5|34.5,10.0|12.4|16.2|18.5|25.0,True
272,1,8.561288145964403,,18.5,True
272,2,3.5717611516824816,32.5,11.8|24.8,True
272,3,1.514106204029052,31.5|34.0,10.0|16.5|25.0,True
272,4,0.9847926628895192,31.5|33.0|35.0,10.0|15.0|18.8|25.0,True
272,5,0.7640377688481499,31.0|32.5|33.5|35.0,10.0|13.3|16.3|19.3|25.0,True
273,1,8.371111589622943,,18.4,True
273,2,3.221018504583591,32.5,11.8|24.8,True
273,3,1.7022848003974067,31.5|34.5,10.0|18.0|25.0,True
273,4,0.9383766200513317,31.0|32.5|35.0,10.0|13.0|18.6|25.0,True
273,5,0.6808887495909189,31.0|32.0|33.5|35.0,10.0|12.4|16.2|19.1|25.0,True
274,1,7.979683328925773,,18.5,True
274,2,3.2503228116361718,31.5,10.0|21.9,True
274,3,1.4873151468596488,31.5|34.5,10.0|17.4|25.0,True
274,4,1.00037320799371,31.5|33.5|35.0,10.0|16.0|19.0|25.0,True
274,5,0.8410146141433,31.5|33.0|34.0|35.5,10.0|15.2|17.3|20.9|25.0,True
275,1,7.983320299810637,,18.8,True
275,2,3.784109488005516,33.5,14.6|25.0,True
275,3,1.9017383737857156,31.5|34.0,10.1|16.3|25.0,True
275,4,1.2125755385247903,31.5|33.0|35.0,10.1|14.9|18.8|25.0,True
275,5,0.9114446990975333,31.0|32.0|33.5|35.0,10.0|12.5|16.1|19.2|25.0,True
276,1,8.872512005658628,,18.8,True
276,2,3.146153473384132,32.5,12.1|25.0,True
276,3,1.6166116505102972,31.5|34.0,10.0|16.5|25.0,True
276,4,1.0386592843774103,31.0|32.5|34.5,10.0|13.6|18.3|25.0,True
276,5,0.7855599942741859,31.0|32.0|33.5|35.5,10.0|12.4|16.2|20.3|25.0,True
277,1,8.745717805996144,,19.0,True
277,2,3.343692914584813,32.5,11.6|25.0,True
277,3,1.5852486910381802,31.5|34.0,10.2|16.3|25.0,True
277,4,1.1041624495759865,31.0|32.5|35.0,10.0|13.7|18.8|25.0,True
277,5,0.7895777011222015,31.0|32.0|33.5|35.5,10.0|12.1|16.0|20.7|25.0,True
278,1,8.003351864703015,,18.3,True
278,2,3.4455801139225635,32.0,10.4|22.6,True
278,3,1.549065274615791,31.5|34.5,10.2|18.0|25.0,True
278,4,0.9914469835785771,31.5|33.5|35.0,10.2|15.6|19.2|25.0,True
278,5,0.7828059599795765,31.0|32.5|33.5|35.0,10.0|13.2|16.0|19.2|25.0,True
279,1,8.178483972105258,,18.4,True
279,2,3.3739756676419477,32.5,12.4|23.6,True
279,3,1.8510207613956253,31.5|34.0,10.1|16.2|25.0,True
279,4,1.1089303158790806,31.0|33.0|35.0,10.0|14.1|19.1|25.0,True
279,5,0.8415084483251156,31.0|32.0|33.5|35.5,10.0|12.5|16.0|20.3|25.0,True
280,1,8.023674739914554,,17.7,True
280,2,3.4028286781690635,32.0,10.7|23.1,True
280,3,1.5735475337661236,31.5|34.0,10.1|16.2|25.0,True
280,4,1.0349602040712649,31.0|32.5|35.0,10.0|13.1|18.3|25.0,True
280,5,0.8961766922469286,30.5|31.5|33.0|35.0,10.0|11.1|15.0|18.8|25.0,True
281,1,8.119869612954561,,18.8,True
281,2,3.8118193466600925,32.0,10.5|22.8,True
281,3,1.720595469117284,31.5|34.5,10.0|17.9|25.0,True
281,4,1.072733987349914,31.5|33.5|35.0,10.0|16.1|19.3|25.0,True
281,5,0.7896306317714485,31.0|32.5|33.5|35.0,10.0|13.6|16.2|19.3|25.0,True
282,1,8.086253497526485,,18.5,True
282,2,3.637910016756428,32.5,12.4|24.7,True
282,3,1.7454465295413828,31.5|35.0,10.3|18.3|25.0,True
282,4,1.0861552018239282,31.0|32.5|35.0,10.0|13.6|18.8|25.0,True
282,5,0.8317460858395438,31.0|32.5|34.0|35.0,10.0|13.6|17.0|19.2|25.0,True
283,1,8.230706001661183,,18.4,True
283,2,3.5435645986343265,32.0,10.9|23.1,True
283,3,1.7249681153606216,31.5|34.5,10.2|18.0|25.0,True
283,4,1.1496265616565176,31.0|33.0|35.0,10.0|14.6|18.5|25.0,True
283,5,0.8348013198424774,31.0|32.0|33.0|35.0,10.0|12.3|15.0|18.5|25.0,True
284,1,8.311271041556473,,18.5,True
284,2,3.5400928857029554,32.0,10.2|23.2,True
284,3,1.509895764100715,31.5|34.5,10.0|17.9|25.0,True
284,4,1.0086620595865294,31.5|33.0|34.5,10.0|14.7|18.5|25.0,True
284,5,0.7419248377008031,31.0|32.5|34.0|35.5,10.0|13.9|17.0|20.5|25.0,True
285,1,9.019390523925743,,20.1,True
285,2,3.3917480110891147,32.5,11.8|25.0,True
285,3,1.6357037414220565,31.5|34.0,10.4|16.2|25.0,True
285,4,1.171413527351941,31.5|33.5|35.5,10.4|16.0|20.7|25.0,True
285,5,0.870907665766915,31.0|32.0|33.5|35.5,10.0|12.4|16.1|20.7|25.0,True
286,1,8.469294046863158,,18.3,True
286,2,3.479022814862445,33.0,13.0|24.8,True
286,3,1.577861912017381,31.5|34.0,10.0|16.3|25.0,True
286,4,1.0030910741013102,31.0|33.0|35.0,10.0|14.4|18.8|25.0,True
286,5,0.7834566919471588,31.0|32.0|33.0|35.0,10.0|12.5|14.8|18.8|25.0,True
287,1,7.885483092801316,,19.1,True
287,2,3.361852763503873,32.0,10.7|21.9,True
287,3,1.732070106233865,31.5|34.5,10.1|17.9|25.0,True
287,4,1.1763676736442388,31.5|33.5|35.0,10.1|16.0|19.7|25.0,True
287,5,0.8861695318676844,31.0|32.5|33.5|35.0,10.0|13.2|16.2|19.7|25.0,True
288,1,7.835666872472685,,18.5,True
288,2,3.5232272108270477,32.0,10.6|22.0,True
288,3,1.8075684012001723,31.5|34.0,10.0|16.1|25.0,True
288,4,1.0569426932769708,31.5|33.0|35.0,10.0|15.0|19.1|25.0,True
288,5,0.8270171161825802,31.0|32.5|33.5|35.0,10.0|13.7|16.1|19.2|25.0,True
289,1,8.467312680221692,,18.8,True
289,2,3.6577192966528327,33.0,12.9|25.0,True
289,3,1.6616085656493693,31.5|34.0,10.2|16.2|25.0,True
289,4,1.132820222698873,31.5|33.0|35.0,10.2|14.7|19.0|25.0,True
289,5,0.8331980116348973,31.0|32.0|33.5|35.0,10.0|12.4|16.1|19.2|25.0,True
290,1,8.10592750785885,,18.3,True
290,2,3.53005678385874,32.0,10.7|22.8,True
290,3,1.6859935095033676,31.5|34.5,10.6|17.4|25.0,True
290,4,1.166843959497927,31.5|33.0|35.0,10.6|14.9|18.6|25.0,True
290,5,0.9061168367338607,31.0|32.0|33.5|35.0,10.0|12.4|16.1|19.1|25.0,True
291,1,8.465996799216155,,19.7,True
291,2,3.566685342425096,33.0,12.6|25.0,True
291,3,1.798056597245154,31.5|35.0,10.0|18.3|25.0,True
291,4,1.1513378718884937,31.0|32.5|35.0,10.0|13.1|18.5|25.0,True
291,5,0.8650961190835254,31.0|32.5|33.5|35.0,10.0|13.1|16.2|19.1|25.0,True
292,1,8.826661751362364,,19.1,True
292,2,3.1380800343746764,32.0,10.5|23.7,True
292,3,1.4851045121057853,31.5|34.0,10.2|16.1|25.0,True
292,4,1.0410435954240298,31.5|33.5|35.5,10.2|15.5|20.5|25.0,True
292,5,0.814492237619522,31.0|32.5|33.5|35.5,10.0|13.1|16.1|20.5|25.0,True
293,1,8.564045093063408,,18.6,True
293,2,3.459439435769623,33.0,13.1|25.0,True
293,3,1.701441837407504,31.5|33.5,10.1|15.3|25.0,True
293,4,1.0618080908242569,31.5|33.0|35.0,10.1|14.9|18.6|25.0,True
293,5,0.8116756160816252,31.0|32.0|33.0|35.0,10.0|12.5|15.2|18.6|25.0,True
294,1,8.077672875391203,,19.1,True
294,2,3.519186552741676,32.0,10.5|23.1,True
294,3,1.673433206435876,31.5|35.0,10.1|18.5|25.0,True
294,4,1.079939787330123,31.5|33.0|35.0,10.1|14.9|18.8|25.0,True
294,5,0.8225147190034808,31.0|32.5|33.5|35.0,10.0|13.6|16.2|19.1|25.0,True
295,1,8.121674683008418,,18.5,True
295,2,3.7548126990770574,32.0,10.6|22.6,True
295,3,1.6439390339144877,31.5|34.5,10.2|18.0|25.0,True
295,4,1.0731972188891437,31.5|33.0|34.5,10.2|15.3|18.5|25.0,True
295,5,0.8605423986683665,31.0|32.5|33.5|34.5,10.0|13.7|16.2|18.5|25.0,True
296,1,8.414251603442256,,18.2,True
296,2,3.418680056636719,32.0,10.7|23.6,True
296,3,1.5604633905675858,31.5|34.5,10.1|17.3|25.0,True
296,4,1.0466808561524017,31.0|32.5|34.5,10.0|13.6|18.2|25.0,True
296,5,0.8159108721368551,31.0|32.5|33.5|35.0,10.0|13.6|16.2|19.1|25.0,True
297,1,8.564073416460213,,18.5,True
297,2,3.4741675661499967,32.0,10.7|23.6,True
297,3,1.5167724204142747,31.5|34.5,10.3|17.3|25.0,True
297,4,1.1208272926583818,31.5|33.0|35.0,10.3|15.0|19.1|25.0,True
297,5,0.849897373064166,31.0|32.5|33.5|35.0,10.0|13.1|16.2|19.3|25.0,True
298,1,8.002920528132606,,18.5,True
298,2,3.834938129043506,32.5,12.1|24.6,True
298,3,1.740613194210122,31.5|34.5,10.1|18.2|25.0,True
298,4,1.0831768043376073,31.0|33.0|34.5,10.0|14.6|18.5|25.0,True
298,5,0.8016351811374046,31.0|32.0|33.5|35.0,10.0|12.4|16.2|18.8|25.0,True
299,1,7.538008322836249,,18.0,True
299,2,3.775165557255472,32.5,12.1|22.1,True
299,3,1.7864008357142058,31.5|34.5,10.1|17.7|25.0,True
299,4,1.1768202158485084,31.0|33.0|35.0,10.0|14.7|18.8|25.0,True
299,5,0.8251764308265105,31.0|32.0|33.5|35.0,10.0|12.4|16.0|19.1|25.0,True
