replicate,K,mean_loss,boundaries,times
0,2,0.4179740837209188,36.0,11.827|25.000
0,3,0.417028781023752,34.0|36.0,11.235|15.863|25.000
0,4,0.419493680561784,28.0|34.0|36.0,10.000|11.326|15.863|25.000
1,2,0.37555060089596365,36.0,11.427|25.000
1,3,0.37186524465616366,34.0|36.0,10.212|18.878|25.000
1,4,0.3748785170856562,24.0|34.0|36.0,10.000|10.287|18.878|25.000
2,2,0.4135348749703556,36.0,11.540|25.000
2,3,0.4115616676427069,34.0|36.0,10.713|17.239|25.000
2,4,0.411554885537391,28.0|34.0|36.0,10.792|10.711|17.239|25.000
3,2,0.4145592006770516,36.0,11.881|25.000
3,3,0.41123263545917005,34.0|36.0,10.575|18.776|25.000
3,4,0.41425090210586063,24.0|34.0|36.0,10.000|10.654|18.776|25.000
4,2,0.4178516781743295,36.0,12.366|25.000
4,3,0.4155442607015858,34.0|36.0,11.271|17.730|25.000
4,4,0.4169504316821672,28.0|34.0|36.0,10.000|11.324|17.730|25.000
5,2,0.40905751018273234,36.0,11.612|25.000
5,3,0.4076436047259967,34.0|36.0,10.885|16.010|25.000
5,4,0.4171258173226575,24.0|34.0|36.0,10.000|11.128|16.010|25.000
6,2,0.42863004655860615,36.0,11.248|25.000
6,3,0.4255508144116355,34.0|36.0,10.050|17.510|25.000
6,4,0.4290614743585006,24.0|34.0|36.0,10.000|10.134|17.510|25.000
7,2,0.5185438144404578,36.0,13.164|25.000
7,3,0.5157739250223237,34.0|36.0,11.950|19.216|25.000
7,4,0.5221888576754025,24.0|34.0|36.0,10.000|12.130|19.216|25.000
8,2,0.43109750891193116,36.0,12.019|25.000
8,3,0.42813121402920645,34.0|36.0,10.728|18.355|25.000
8,4,0.45916636188564586,32.0|34.0|36.0,10.000|15.471|18.355|25.000
9,2,0.49431421579047197,36.0,12.963|25.000
9,3,0.49211975859929785,34.0|36.0,11.825|18.258|25.000
9,4,0.49178999596095124,28.0|34.0|36.0,11.016|11.850|18.258|25.000
10,2,0.44174372328478345,36.0,12.096|25.000
10,3,0.43841881937646277,34.0|36.0,10.764|18.363|25.000
10,4,0.4441002954063683,28.0|34.0|36.0,10.000|10.916|18.363|25.000
11,2,0.39077132348475385,36.0,11.554|25.000
11,3,0.38764690211301595,34.0|36.0,10.470|19.154|25.000
11,4,0.39413830468010674,24.0|34.0|36.0,10.000|10.622|19.154|25.000
12,2,0.41979365073635827,36.0,11.857|25.000
12,3,0.4177089033112023,34.0|36.0,10.730|17.796|25.000
12,4,0.42514626775022035,28.0|34.0|36.0,10.000|10.945|17.796|25.000
13,2,0.44286674912445556,36.0,12.257|25.000
13,3,0.44116207646713246,34.0|36.0,11.351|17.196|25.000
13,4,0.4535774455324722,24.0|34.0|36.0,10.000|11.688|17.196|25.000
14,2,0.4352663142904461,36.0,12.302|25.000
14,3,0.4331657315746495,34.0|36.0,11.260|17.244|25.000
14,4,0.4396059510892328,24.0|34.0|36.0,10.000|11.428|17.244|25.000
15,2,0.43681641091564843,36.0,12.471|25.000
15,3,0.4346348089581592,34.0|36.0,11.437|18.603|25.000
15,4,0.4368407838352844,28.0|34.0|36.0,10.000|11.514|18.603|25.000
16,2,0.5101489598039649,36.0,13.493|25.000
16,3,0.5064633342790033,34.0|36.0,11.882|19.280|25.000
16,4,0.5102785028977012,28.0|34.0|36.0,10.000|12.022|19.280|25.000
17,2,0.4928526567761078,36.0,12.650|25.000
17,3,0.4909425562119815,34.0|36.0,11.779|16.759|25.000
17,4,0.49632094892215367,28.0|34.0|36.0,10.000|11.944|16.759|25.000
18,2,0.43935974469619765,36.0,12.172|25.000
18,3,0.4375499556558703,34.0|36.0,11.238|17.965|25.000
18,4,0.4405247345028216,24.0|34.0|36.0,10.000|11.319|17.965|25.000
19,2,0.45640089372860654,36.0,12.424|25.000
19,3,0.4538502152505283,34.0|36.0,11.247|18.361|25.000
19,4,0.457358918473062,28.0|34.0|36.0,10.000|11.349|18.361|25.000
20,2,0.46367220485505806,36.0,12.276|25.000
20,3,0.4611160550069921,34.0|36.0,11.178|18.602|25.000
20,4,0.46716870934991017,28.0|34.0|36.0,10.000|11.366|18.602|25.000
21,2,0.43704902087299213,36.0,11.951|25.000
21,3,0.4342048331786738,34.0|36.0,10.741|19.011|25.000
21,4,0.439777804458976,28.0|34.0|36.0,10.000|10.905|19.011|25.000
22,2,0.43451766766298183,36.0,12.273|25.000
22,3,0.4321376066625175,34.0|36.0,11.039|17.906|25.000
22,4,0.43814402434367306,24.0|34.0|36.0,10.000|11.206|17.906|25.000
23,2,0.4482785353073621,36.0,12.209|25.000
23,3,0.44569086027124566,34.0|36.0,11.138|18.754|25.000
23,4,0.4469449766487899,28.0|34.0|36.0,10.000|11.202|18.754|25.000
24,2,0.4423180447878545,36.0,12.265|25.000
24,3,0.43999826753324367,34.0|36.0,11.269|18.007|25.000
24,4,0.4429891907850635,24.0|34.0|36.0,10.000|11.351|18.007|25.000
25,2,0.45387038238497174,36.0,12.441|25.000
25,3,0.45102658879798896,32.0|36.0,10.244|15.986|25.000
25,4,0.4509456922589885,32.0|34.0|36.0,10.244|15.595|17.104|25.000
26,2,0.47303108294437485,36.0,12.504|25.000
26,3,0.47088859557405444,34.0|36.0,11.334|17.488|25.000
26,4,0.473906749870122,24.0|34.0|36.0,10.000|11.422|17.488|25.000
27,2,0.4007735923693557,36.0,11.733|25.000
27,3,0.3986323075702851,34.0|36.0,10.962|17.695|25.000
27,4,0.40210565775618207,24.0|34.0|36.0,10.000|11.038|17.695|25.000
28,2,0.40304069196908776,36.0,11.378|25.000
28,3,0.39981089303259665,34.0|36.0,10.058|17.982|25.000
28,4,0.40331500525131764,24.0|34.0|36.0,10.000|10.137|17.982|25.000
29,2,0.39952695487485373,36.0,11.510|25.000
29,3,0.396158048700814,34.0|36.0,10.244|19.031|25.000
29,4,0.40193770233180676,28.0|34.0|36.0,10.000|10.402|19.031|25.000
30,2,0.4993085610481656,36.0,13.088|25.000
30,3,0.4949297227694738,34.0|36.0,11.390|19.885|25.000
30,4,0.5022817660724864,28.0|34.0|36.0,10.000|11.615|19.885|25.000
31,2,0.4514166499995143,36.0,12.258|25.000
31,3,0.4493461333083643,34.0|36.0,11.132|17.394|25.000
31,4,0.4484537206684843,32.0|34.0|36.0,10.131|13.254|17.394|25.000
32,2,0.4188525420637311,36.0,11.688|25.000
32,3,0.41914981621820824,34.0|36.0,10.000|19.468|25.000
32,4,0.41914981621820824,24.0|34.0|36.0,10.000|10.000|19.468|25.000
33,2,0.44523863680250303,36.0,12.406|25.000
33,3,0.44042553098281156,34.0|36.0,10.683|19.501|25.000
33,4,0.4422710356287085,28.0|34.0|36.0,10.000|10.729|19.501|25.000
34,2,0.47756231149791867,36.0,12.453|25.000
34,3,0.4753628907790925,34.0|36.0,11.361|18.132|25.000
34,4,0.4774958578542854,28.0|34.0|36.0,10.000|11.417|18.132|25.000
35,2,0.42089202504181655,36.0,12.198|25.000
35,3,0.41781224354504126,34.0|36.0,10.857|17.645|25.000
35,4,0.42730240470527453,24.0|34.0|36.0,10.000|11.107|17.645|25.000
36,2,0.44079658847929387,36.0,12.230|25.000
36,3,0.43754929802854436,34.0|36.0,10.893|18.062|25.000
36,4,0.4405715365091215,24.0|34.0|36.0,10.000|10.977|18.062|25.000
37,2,0.42776427105271736,36.0,12.233|25.000
37,3,0.42312372896279926,34.0|36.0,10.758|19.563|25.000
37,4,0.42914299695681746,28.0|34.0|36.0,10.000|10.921|19.563|25.000
38,2,0.4236423317137842,36.0,12.105|25.000
38,3,0.41893195491133606,34.0|36.0,10.562|19.968|25.000
38,4,0.4224217337125427,24.0|34.0|36.0,10.000|10.641|19.968|25.000
39,2,0.45684666796167117,36.0,12.409|25.000
39,3,0.45473838996149524,34.0|36.0,11.553|17.500|25.000
39,4,0.45777895166076704,28.0|34.0|36.0,10.000|11.649|17.500|25.000
40,2,0.4454795801047978,36.0,12.130|25.000
40,3,0.4426924320872819,34.0|36.0,10.941|18.053|25.000
40,4,0.44408295791108154,28.0|34.0|36.0,10.000|10.988|18.053|25.000
41,2,0.4403404146160201,36.0,12.556|25.000
41,3,0.4379440733198022,34.0|36.0,11.468|18.064|25.000
41,4,0.44182583194710046,28.0|34.0|36.0,10.000|11.591|18.064|25.000
42,2,0.4282841359961888,36.0,11.741|25.000
42,3,0.4263847594829462,34.0|36.0,10.916|16.968|25.000
42,4,0.4299011270287262,28.0|34.0|36.0,10.000|11.013|16.968|25.000
43,2,0.47578255383609586,36.0,13.146|25.000
43,3,0.47137868181996695,32.0|36.0,10.281|17.030|25.000
43,4,0.47065731346346545,32.0|34.0|36.0,10.281|15.545|19.451|25.000
44,2,0.4546726674497394,36.0,12.375|25.000
44,3,0.45249500668236614,34.0|36.0,11.296|17.804|25.000
44,4,0.455496257422571,24.0|34.0|36.0,10.000|11.381|17.804|25.000
45,2,0.4607631414140847,36.0,12.236|25.000
45,3,0.45598872699727266,34.0|36.0,10.762|20.357|25.000
45,4,0.4655105737315158,24.0|34.0|36.0,10.000|11.012|20.357|25.000
46,2,0.4852500498848162,36.0,13.049|25.000
46,3,0.481933675756931,34.0|36.0,11.878|19.554|25.000
46,4,0.4827956780344851,28.0|34.0|36.0,10.000|11.914|19.554|25.000
47,2,0.42988114807980915,36.0,11.733|25.000
47,3,0.4263312598429533,34.0|36.0,10.397|18.500|25.000
47,4,0.42937471267779126,24.0|34.0|36.0,10.000|10.479|18.500|25.000
48,2,0.47394738671627834,36.0,13.040|25.000
48,3,0.4707116712885764,34.0|36.0,11.790|19.100|25.000
48,4,0.47116683070589993,28.0|34.0|36.0,10.000|11.841|19.100|25.000
49,2,0.3814990175897846,36.0,11.471|25.000
49,3,0.3836266006201024,34.0|36.0,10.000|18.331|25.000
49,4,0.38378691741194204,24.0|34.0|36.0,10.000|10.004|18.331|25.000
50,2,0.454221307916274,36.0,12.526|25.000
50,3,0.4510354138013102,34.0|36.0,11.482|19.719|25.000
50,4,0.45453141571364564,28.0|34.0|36.0,10.000|11.581|19.719|25.000
51,2,0.4786529169648489,36.0,13.161|25.000
51,3,0.4746187264309739,32.0|36.0,10.430|16.953|25.000
51,4,0.4738670894477555,32.0|34.0|36.0,10.430|15.033|19.402|25.000
52,2,0.4304381525998649,36.0,11.480|25.000
52,3,0.42797669076999195,34.0|36.0,10.622|19.957|25.000
52,4,0.4339902207341627,24.0|34.0|36.0,10.000|10.778|19.957|25.000
53,2,0.4517510164665353,36.0,12.539|25.000
53,3,0.4483593708153073,34.0|36.0,11.395|19.382|25.000
53,4,0.4577801269411812,24.0|34.0|36.0,10.000|11.641|19.382|25.000
54,2,0.45786898120669484,36.0,12.243|25.000
54,3,0.4535256347371047,34.0|36.0,10.864|20.181|25.000
54,4,0.45436365850445287,28.0|34.0|36.0,10.000|10.891|20.181|25.000
55,2,0.5054799554178449,36.0,13.070|25.000
55,3,0.5015293248416822,32.0|36.0,10.268|17.041|25.000
55,4,0.5009680159089617,32.0|34.0|36.0,10.268|15.785|19.006|25.000
56,2,0.45180208233415836,36.0,12.590|25.000
56,3,0.4488309870434728,34.0|36.0,11.296|18.485|25.000
56,4,0.4513561691260789,28.0|34.0|36.0,10.000|11.381|18.485|25.000
57,2,0.37251403949705236,36.0,11.273|25.000
57,3,0.3708626731088978,34.0|36.0,10.000|19.022|25.000
57,4,0.3708626731088978,28.0|34.0|36.0,10.000|10.000|19.022|25.000
58,2,0.4550678318849832,36.0,12.218|25.000
58,3,0.4524760050833363,34.0|36.0,11.209|18.511|25.000
58,4,0.4567730639813396,28.0|34.0|36.0,10.000|11.361|18.511|25.000
59,2,0.4618060086444662,36.0,13.004|25.000
59,3,0.4591267335508035,34.0|36.0,11.723|18.525|25.000
59,4,0.4602606841687923,32.0|34.0|36.0,10.000|15.278|18.525|25.000
60,2,0.41328929161797,36.0,11.891|25.000
60,3,0.41037355585944163,34.0|36.0,10.695|18.046|25.000
60,4,0.41580830730030627,28.0|34.0|36.0,10.000|10.854|18.046|25.000
61,2,0.4352008850958546,36.0,12.150|25.000
61,3,0.4322078817263152,34.0|36.0,11.095|18.687|25.000
61,4,0.4320501901490779,28.0|34.0|36.0,15.783|11.071|18.687|25.000
62,2,0.41132235132061257,36.0,11.833|25.000
62,3,0.41028972596748636,34.0|36.0,11.130|14.608|25.000
62,4,0.41384023615061466,28.0|34.0|36.0,10.000|11.234|14.608|25.000
63,2,0.37646759274490943,36.0,11.225|25.000
63,3,0.37315516708429036,34.0|36.0,10.174|18.877|25.000
63,4,0.3766597587749091,24.0|34.0|36.0,10.000|10.248|18.877|25.000
64,2,0.4668746475983324,36.0,12.202|25.000
64,3,0.4643659837280036,34.0|36.0,11.089|18.345|25.000
64,4,0.4673771688807078,24.0|34.0|36.0,10.000|11.174|18.345|25.000
65,2,0.441769369861023,36.0,12.018|25.000
65,3,0.43910423956932815,34.0|36.0,10.826|17.933|25.000
65,4,0.44212976395632225,24.0|34.0|36.0,10.000|10.910|17.933|25.000
66,2,0.41435376602579405,36.0,11.992|25.000
66,3,0.41187896586970224,34.0|36.0,10.745|17.751|25.000
66,4,0.42349920534615815,28.0|34.0|36.0,10.000|11.084|17.751|25.000
67,2,0.4333149282761057,36.0,11.851|25.000
67,3,0.43029852900153137,34.0|36.0,10.617|19.542|25.000
67,4,0.43014968681538046,28.0|34.0|36.0,12.086|10.588|19.542|25.000
68,2,0.42022710708189115,36.0,11.780|25.000
68,3,0.4166307317952662,34.0|36.0,10.453|18.856|25.000
68,4,0.42316072429946394,24.0|34.0|36.0,10.000|10.614|18.856|25.000
69,2,0.4297575492420072,36.0,12.171|25.000
69,3,0.42669534749671406,34.0|36.0,10.897|18.901|25.000
69,4,0.42839754255764423,28.0|34.0|36.0,10.000|10.953|18.901|25.000
70,2,0.42773753715632284,36.0,12.210|25.000
70,3,0.42420563672788886,34.0|36.0,10.741|18.749|25.000
70,4,0.42865763191886047,28.0|34.0|36.0,10.000|10.885|18.749|25.000
71,2,0.4425644317662654,36.0,12.457|25.000
71,3,0.4396270827262398,34.0|36.0,11.233|19.129|25.000
71,4,0.44633544455581065,28.0|34.0|36.0,10.000|11.425|19.129|25.000
72,2,0.44543457522109664,36.0,11.991|25.000
72,3,0.44294403498752866,34.0|36.0,10.739|17.813|25.000
72,4,0.44901156596197117,24.0|34.0|36.0,10.000|10.909|17.813|25.000
73,2,0.4515339084427858,36.0,12.313|25.000
73,3,0.44856169836504395,34.0|36.0,10.985|18.068|25.000
73,4,0.47274129822928274,32.0|34.0|36.0,10.000|16.085|18.068|25.000
74,2,0.43846174138815264,36.0,12.113|25.000
74,3,0.43659497712774065,34.0|36.0,11.183|16.566|25.000
74,4,0.44068784960163776,28.0|34.0|36.0,10.000|11.310|16.566|25.000
75,2,0.4519270017467592,36.0,12.731|25.000
75,3,0.44921658176471263,32.0|36.0,10.000|16.705|25.000
75,4,0.4490348993500267,32.0|34.0|36.0,10.000|16.097|18.218|25.000
76,2,0.4195238075997613,36.0,11.938|25.000
76,3,0.41511422237848244,34.0|36.0,10.378|18.946|25.000
76,4,0.4216551413070973,24.0|34.0|36.0,10.000|10.541|18.946|25.000
77,2,0.39003194079838177,36.0,11.491|25.000
77,3,0.38727213742279204,34.0|36.0,10.565|18.510|25.000
77,4,0.3930034839316347,28.0|34.0|36.0,10.000|10.710|18.510|25.000
78,2,0.42441089598656034,36.0,11.897|25.000
78,3,0.4211238092720928,34.0|36.0,10.728|19.893|25.000
78,4,0.4241147460069036,24.0|34.0|36.0,10.000|10.806|19.893|25.000
79,2,0.4219645660088924,36.0,12.098|25.000
79,3,0.4199065490493452,34.0|36.0,11.122|17.158|25.000
79,4,0.4229072021632318,24.0|34.0|36.0,10.000|11.203|17.158|25.000
80,2,0.38691354919463766,36.0,11.407|25.000
80,3,0.38428451665164365,34.0|36.0,10.303|18.133|25.000
80,4,0.3840971530091883,28.0|34.0|36.0,15.783|10.275|18.133|25.000
81,2,0.43409336183367253,36.0,12.180|25.000
81,3,0.4320625099036457,34.0|36.0,11.129|17.574|25.000
81,4,0.43214679494544384,28.0|34.0|36.0,10.000|11.152|17.574|25.000
82,2,0.4677312904337951,36.0,12.934|25.000
82,3,0.46399357116085305,32.0|36.0,10.414|16.541|25.000
82,4,0.46369181465698067,32.0|34.0|36.0,10.414|16.050|17.452|25.000
83,2,0.43287218165534574,36.0,11.911|25.000
83,3,0.42925536666931086,34.0|36.0,10.413|19.124|25.000
83,4,0.43418049286068944,28.0|34.0|36.0,10.000|10.553|19.124|25.000
84,2,0.4339055076018607,36.0,11.971|25.000
84,3,0.43219341685575696,34.0|36.0,11.035|17.530|25.000
84,4,0.43819375419614803,24.0|34.0|36.0,10.000|11.199|17.530|25.000
85,2,0.4058403276570152,36.0,11.590|25.000
85,3,0.4054836715113681,34.0|36.0,10.000|18.703|25.000
85,4,0.4054836715113681,24.0|34.0|36.0,10.000|10.000|18.703|25.000
86,2,0.4414305475645215,36.0,12.179|25.000
86,3,0.43942150677940495,34.0|36.0,11.206|17.784|25.000
86,4,0.44134707778365057,28.0|34.0|36.0,10.000|11.276|17.784|25.000
87,2,0.4676272234772687,36.0,12.891|25.000
87,3,0.4650428430151019,34.0|36.0,11.615|18.406|25.000
87,4,0.4658969224077868,28.0|34.0|36.0,10.000|11.649|18.406|25.000
88,2,0.4443238402494154,36.0,12.369|25.000
88,3,0.4412751142641449,34.0|36.0,11.166|18.689|25.000
88,4,0.443008247321214,28.0|34.0|36.0,10.000|11.231|18.689|25.000
89,2,0.43691130503280895,36.0,12.055|25.000
89,3,0.4358466168997662,34.0|36.0,11.238|16.494|25.000
89,4,0.4388422183911386,24.0|34.0|36.0,10.000|11.321|16.494|25.000
90,2,0.49864588862243603,36.0,13.555|25.000
90,3,0.4939922588772497,34.0|36.0,11.788|20.032|25.000
90,4,0.4958856463933792,32.0|34.0|36.0,10.000|16.327|20.032|25.000
91,2,0.4299403803068727,36.0,12.055|25.000
91,3,0.42518868596173515,34.0|36.0,10.376|19.976|25.000
91,4,0.42736285263213364,28.0|34.0|36.0,10.000|10.428|19.976|25.000
92,2,0.38130132241389936,36.0,11.232|25.000
92,3,0.37943019044922,34.0|36.0,10.213|16.197|25.000
92,4,0.382468480945296,24.0|34.0|36.0,10.000|10.293|16.197|25.000
93,2,0.39144678435794034,36.0,11.511|25.000
93,3,0.3890521387408106,34.0|36.0,10.408|17.226|25.000
93,4,0.395090169130177,24.0|34.0|36.0,10.000|10.567|17.226|25.000
94,2,0.4216179689071068,36.0,11.890|25.000
94,3,0.4168724505725979,34.0|36.0,10.316|20.274|25.000
94,4,0.4168381572332852,28.0|34.0|36.0,10.792|10.309|20.274|25.000
95,2,0.4050685220342334,36.0,11.552|25.000
95,3,0.40126149229861263,34.0|36.0,10.165|18.943|25.000
95,4,0.40780184556499177,24.0|34.0|36.0,10.000|10.323|18.943|25.000
96,2,0.43002827749916905,36.0,11.998|25.000
96,3,0.42740635653972425,34.0|36.0,10.737|17.831|25.000
96,4,0.4326229295788344,28.0|34.0|36.0,10.000|10.889|17.831|25.000
97,2,0.42570873766344486,36.0,11.574|25.000
97,3,0.4231347477011706,34.0|36.0,10.395|17.545|25.000
97,4,0.4285264697860107,28.0|34.0|36.0,10.000|10.536|17.545|25.000
98,2,0.45729245029213555,36.0,12.568|25.000
98,3,0.4566132004025304,34.0|36.0,12.077|16.038|25.000
98,4,0.45805871105571055,28.0|34.0|36.0,10.000|12.144|16.038|25.000
99,2,0.4455586776476774,36.0,12.193|25.000
99,3,0.4417991973566476,34.0|36.0,10.857|19.508|25.000
99,4,0.460015919346299,30.0|34.0|36.0,10.000|11.767|19.508|25.000
100,2,0.47088223222927517,36.0,12.742|25.000
100,3,0.4660628821965176,32.0|36.0,10.045|17.268|25.000
100,4,0.46615147731833223,32.0|34.0|36.0,10.045|16.945|17.817|25.000
101,2,0.47973424799749587,36.0,12.876|25.000
101,3,0.47694431468952453,34.0|36.0,11.569|18.408|25.000
101,4,0.4791112326499584,28.0|34.0|36.0,10.000|11.634|18.408|25.000
102,2,0.4328598319619445,36.0,12.053|25.000
102,3,0.43081958691436023,34.0|36.0,11.100|18.169|25.000
102,4,0.4338076033361974,24.0|34.0|36.0,10.000|11.180|18.169|25.000
103,2,0.3971979800139972,36.0,11.330|25.000
103,3,0.3940213447426744,34.0|36.0,10.125|17.762|25.000
103,4,0.39706496584737805,24.0|34.0|36.0,10.000|10.204|17.762|25.000
104,2,0.44966262679046276,36.0,12.381|25.000
104,3,0.44671399941685236,34.0|36.0,11.104|18.626|25.000
104,4,0.44759756339336365,28.0|34.0|36.0,10.000|11.139|18.626|25.000
105,2,0.4304012601511799,36.0,11.860|25.000
105,3,0.42765632342628285,34.0|36.0,10.546|18.396|25.000
105,4,0.4337186515228565,24.0|34.0|36.0,10.000|10.711|18.396|25.000
106,2,0.43268270708842105,36.0,12.348|25.000
106,3,0.42889170567817364,34.0|36.0,10.974|18.682|25.000
106,4,0.43189472294137016,24.0|34.0|36.0,10.000|11.055|18.682|25.000
107,2,0.4171004713205853,36.0,11.873|25.000
107,3,0.4147018391370826,34.0|36.0,10.734|17.882|25.000
107,4,0.42340660790067375,28.0|34.0|36.0,10.000|10.978|17.882|25.000
108,2,0.4133884888831175,36.0,11.959|25.000
108,3,0.4108485289157235,34.0|36.0,10.712|17.701|25.000
108,4,0.41641422819038587,28.0|34.0|36.0,10.000|10.877|17.701|25.000
109,2,0.43858263974639367,36.0,12.229|25.000
109,3,0.4336240529657063,34.0|36.0,10.553|19.292|25.000
109,4,0.43711921073453647,24.0|34.0|36.0,10.000|10.636|19.292|25.000
110,2,0.43785224839945497,36.0,12.128|25.000
110,3,0.4353415503810447,34.0|36.0,11.092|17.890|25.000
110,4,0.44134683809384917,24.0|34.0|36.0,10.000|11.257|17.890|25.000
111,2,0.35149914129971493,36.0,11.227|25.000
111,3,0.3482852761169085,34.0|36.0,10.181|18.280|25.000
111,4,0.3512935431423724,24.0|34.0|36.0,10.000|10.254|18.280|25.000
112,2,0.4242666366065144,36.0,11.769|25.000
112,3,0.4214530429279627,34.0|36.0,10.635|19.481|25.000
112,4,0.4274664107981592,24.0|34.0|36.0,10.000|10.793|19.481|25.000
113,2,0.4526106171871722,36.0,12.248|25.000
113,3,0.44803671877557744,34.0|36.0,10.482|18.831|25.000
113,4,0.45108967666356464,24.0|34.0|36.0,10.000|10.568|18.831|25.000
114,2,0.42474190824605534,36.0,11.727|25.000
114,3,0.4224778204939761,34.0|36.0,10.000|18.938|25.000
114,4,0.4224778204939761,28.0|34.0|36.0,10.000|10.000|18.938|25.000
115,2,0.43268528958681923,36.0,11.889|25.000
115,3,0.4294341784760723,34.0|36.0,10.866|19.671|25.000
115,4,0.4329165511594341,24.0|34.0|36.0,10.000|10.945|19.671|25.000
116,2,0.4059100223502442,36.0,11.473|25.000
116,3,0.4020520919725202,34.0|36.0,10.128|19.615|25.000
116,4,0.4081374892986257,24.0|34.0|36.0,10.000|10.285|19.615|25.000
117,2,0.43759249476524115,36.0,12.039|25.000
117,3,0.4349454610709812,34.0|36.0,10.812|17.371|25.000
117,4,0.4393247197310562,28.0|34.0|36.0,10.000|10.941|17.371|25.000
118,2,0.4156481026982317,36.0,12.023|25.000
118,3,0.4124467625407094,34.0|36.0,10.781|18.266|25.000
118,4,0.44067324018220155,30.0|34.0|36.0,10.000|12.003|18.266|25.000
119,2,0.3981898077804974,36.0,11.705|25.000
119,3,0.3942496514615994,34.0|36.0,10.282|18.589|25.000
119,4,0.4003688128231487,28.0|34.0|36.0,10.000|10.452|18.589|25.000
120,2,0.4286748140737256,36.0,12.682|25.000
120,3,0.42387098519902017,34.0|36.0,11.046|20.381|25.000
120,4,0.4268643863613064,24.0|34.0|36.0,10.000|11.125|20.381|25.000
121,2,0.415800132908242,36.0,11.791|25.000
121,3,0.4130869923941284,34.0|36.0,10.589|17.558|25.000
121,4,0.4161145734702439,24.0|34.0|36.0,10.000|10.670|17.558|25.000
122,2,0.422414899881972,36.0,11.978|25.000
122,3,0.4195664564837965,34.0|36.0,10.746|18.661|25.000
122,4,0.4440998554465352,32.0|34.0|36.0,10.000|14.749|18.661|25.000
123,2,0.40838677197212486,36.0,11.348|25.000
123,3,0.41130296122664367,24.0|36.0,10.000|11.419|25.000
123,4,0.4147371805855264,24.0|28.0|36.0,10.000|10.000|11.507|25.000
124,2,0.41737156023479977,36.0,11.665|25.000
124,3,0.4143638667450504,34.0|36.0,10.408|18.330|25.000
124,4,0.42044853684756545,24.0|34.0|36.0,10.000|10.570|18.330|25.000
125,2,0.4638578964463769,36.0,12.784|25.000
125,3,0.46009021003988176,34.0|36.0,11.256|18.996|25.000
125,4,0.4665561743812053,24.0|34.0|36.0,10.000|11.428|18.996|25.000
126,2,0.4266174861812563,36.0,12.045|25.000
126,3,0.42241470504877937,34.0|36.0,10.625|19.440|25.000
126,4,0.4314833615667582,24.0|34.0|36.0,10.000|10.867|19.440|25.000
127,2,0.4159452411651308,36.0,11.724|25.000
127,3,0.41332356305794443,34.0|36.0,10.644|18.161|25.000
127,4,0.41934395911366806,24.0|34.0|36.0,10.000|10.803|18.161|25.000
128,2,0.4482720218013121,36.0,12.756|25.000
128,3,0.44570260146086393,34.0|36.0,11.669|18.815|25.000
128,4,0.4472033152738677,32.0|34.0|36.0,10.000|15.925|18.815|25.000
129,2,0.4480000214445274,36.0,12.406|25.000
129,3,0.4441144190406014,32.0|36.0,10.103|16.098|25.000
129,4,0.44389045263091065,32.0|34.0|36.0,10.103|15.379|17.664|25.000
130,2,0.3970226032550638,36.0,11.562|25.000
130,3,0.39440658160303793,34.0|36.0,10.325|18.115|25.000
130,4,0.4004616545375291,24.0|34.0|36.0,10.000|10.483|18.115|25.000
131,2,0.40309104791614636,36.0,11.341|25.000
131,3,0.4007492777862446,34.0|36.0,10.502|18.090|25.000
131,4,0.41026205877391525,24.0|34.0|36.0,10.000|10.735|18.090|25.000
132,2,0.46007678282466347,36.0,12.595|25.000
132,3,0.45650796960241474,34.0|36.0,11.120|19.182|25.000
132,4,0.45951645756049714,24.0|34.0|36.0,10.000|11.205|19.182|25.000
133,2,0.49574234842397885,36.0,12.850|25.000
133,3,0.49258728807241536,34.0|36.0,11.568|19.229|25.000
133,4,0.4953393868104525,28.0|34.0|36.0,10.000|11.713|19.229|25.000
134,2,0.4373214179115174,36.0,11.677|25.000
134,3,0.43565369814333066,34.0|36.0,10.836|18.016|25.000
134,4,0.4379553028974631,28.0|34.0|36.0,10.000|10.930|18.016|25.000
135,2,0.44833368041053334,36.0,12.256|25.000
135,3,0.4449067865695598,34.0|36.0,10.709|18.722|25.000
135,4,0.4548180388644145,28.0|34.0|36.0,10.000|11.003|18.722|25.000
136,2,0.39593408899614096,36.0,11.699|25.000
136,3,0.39238713131860303,34.0|36.0,10.264|17.625|25.000
136,4,0.39894712530617277,24.0|34.0|36.0,10.000|10.426|17.625|25.000
137,2,0.4644686480537843,36.0,12.749|25.000
137,3,0.4612680924878773,34.0|36.0,11.542|19.080|25.000
137,4,0.46222522399077187,28.0|34.0|36.0,10.000|11.601|19.080|25.000
138,2,0.4246626901319991,36.0,12.005|25.000
138,3,0.4222968116420308,34.0|36.0,11.003|18.051|25.000
138,4,0.42528479222186116,24.0|34.0|36.0,10.000|11.083|18.051|25.000
139,2,0.4165734535503064,36.0,12.030|25.000
139,3,0.4129991301298971,34.0|36.0,10.655|18.350|25.000
139,4,0.4199041760986577,28.0|34.0|36.0,10.000|10.834|18.350|25.000
140,2,0.44619878851863226,36.0,12.173|25.000
140,3,0.44357705985621093,34.0|36.0,10.994|18.267|25.000
140,4,0.4461325082937492,28.0|34.0|36.0,10.000|11.081|18.267|25.000
141,2,0.46211765529339455,36.0,12.334|25.000
141,3,0.4592916113725876,34.0|36.0,11.455|19.311|25.000
141,4,0.46014565161938825,28.0|34.0|36.0,10.000|11.486|19.311|25.000
142,2,0.47724649397669316,36.0,12.613|25.000
142,3,0.4745565324889415,34.0|36.0,11.400|18.247|25.000
142,4,0.4775623873879669,24.0|34.0|36.0,10.000|11.487|18.247|25.000
143,2,0.45576804728405523,36.0,12.208|25.000
143,3,0.4526187116341146,34.0|36.0,10.978|18.455|25.000
143,4,0.45245369039984307,28.0|34.0|36.0,15.783|10.953|18.455|25.000
144,2,0.41426678204860856,36.0,12.161|25.000
144,3,0.4123102554901463,34.0|36.0,11.165|17.439|25.000
144,4,0.4152958166646605,28.0|34.0|36.0,10.000|11.246|17.439|25.000
145,2,0.39157318985918427,36.0,11.384|25.000
145,3,0.38836177933210453,34.0|36.0,10.018|18.335|25.000
145,4,0.3910772326897866,28.0|34.0|36.0,10.000|10.091|18.335|25.000
146,2,0.44214621686859235,36.0,12.334|25.000
146,3,0.4388180565560007,34.0|36.0,11.163|19.124|25.000
146,4,0.4415340546618848,28.0|34.0|36.0,10.000|11.244|19.124|25.000
147,2,0.44603472080703027,36.0,12.108|25.000
147,3,0.4420488492288344,34.0|36.0,10.444|18.784|25.000
147,4,0.44186323663315624,28.0|34.0|36.0,15.783|10.415|18.784|25.000
148,2,0.43769307181151695,36.0,12.298|25.000
148,3,0.43527662688928487,34.0|36.0,11.200|18.137|25.000
148,4,0.43582868452592044,28.0|34.0|36.0,10.000|11.222|18.137|25.000
149,2,0.3939780675999332,36.0,11.464|25.000
149,3,0.39104826848129487,34.0|36.0,10.206|17.870|25.000
149,4,0.39408214580399814,24.0|34.0|36.0,10.000|10.284|17.870|25.000
150,2,0.42087894892680733,36.0,11.600|25.000
150,3,0.4191155381761354,34.0|36.0,10.724|17.151|25.000
150,4,0.4238515758014853,28.0|34.0|36.0,10.000|10.872|17.151|25.000
151,2,0.4398230876284601,36.0,12.166|25.000
151,3,0.4372838876862768,34.0|36.0,10.964|18.064|25.000
151,4,0.4408021753207268,28.0|34.0|36.0,10.000|11.063|18.064|25.000
152,2,0.46594459524841886,36.0,12.852|25.000
152,3,0.46250871855341197,34.0|36.0,11.480|19.427|25.000
152,4,0.46893881848238206,24.0|34.0|36.0,10.000|11.648|19.427|25.000
153,2,0.41938380593089475,36.0,11.795|25.000
153,3,0.4155967499609514,34.0|36.0,10.473|19.094|25.000
153,4,0.4221301634214455,24.0|34.0|36.0,10.000|10.633|19.094|25.000
154,2,0.37841044511729954,36.0,11.387|25.000
154,3,0.3763952788210581,34.0|36.0,10.534|18.230|25.000
154,4,0.3762343352583752,28.0|34.0|36.0,12.086|10.505|18.230|25.000
155,2,0.46501361148704146,36.0,12.884|25.000
155,3,0.46312327782608365,34.0|36.0,11.840|17.835|25.000
155,4,0.4630640026396997,28.0|34.0|36.0,12.413|11.828|17.835|25.000
156,2,0.42449620924381487,36.0,11.703|25.000
156,3,0.42216966798823286,34.0|36.0,10.540|17.316|25.000
156,4,0.42203297162420816,28.0|34.0|36.0,11.664|10.511|17.316|25.000
157,2,0.4476256365775359,36.0,12.104|25.000
157,3,0.443369325382537,34.0|36.0,10.656|19.671|25.000
157,4,0.44988550356974466,24.0|34.0|36.0,10.000|10.821|19.671|25.000
158,2,0.4494790128432408,36.0,11.976|25.000
158,3,0.4467892451482523,34.0|36.0,10.523|17.620|25.000
158,4,0.45901317064854325,24.0|34.0|36.0,10.000|10.877|17.620|25.000
159,2,0.4524990381328763,36.0,12.380|25.000
159,3,0.44880834012330206,34.0|36.0,11.002|19.943|25.000
159,4,0.4510318800037199,28.0|34.0|36.0,10.000|11.076|19.943|25.000
160,2,0.4647069435737991,36.0,12.229|25.000
160,3,0.4630215339059085,34.0|36.0,11.239|17.106|25.000
160,4,0.46525706080339024,28.0|34.0|36.0,10.000|11.319|17.106|25.000
161,2,0.4385343750593203,36.0,12.665|25.000
161,3,0.436469789491616,34.0|36.0,11.445|17.822|25.000
161,4,0.4398001774116411,28.0|34.0|36.0,10.000|11.554|17.822|25.000
162,2,0.4018843896750618,36.0,12.119|25.000
162,3,0.3980904970386323,34.0|36.0,10.716|18.959|25.000
162,4,0.40108796650307255,24.0|34.0|36.0,10.000|10.794|18.959|25.000
163,2,0.437615356762882,36.0,12.075|25.000
163,3,0.43469278994222876,34.0|36.0,10.874|18.914|25.000
163,4,0.43849945040669747,28.0|34.0|36.0,10.000|10.978|18.914|25.000
164,2,0.4182783422658742,36.0,11.751|25.000
164,3,0.4142500344339237,34.0|36.0,10.281|19.059|25.000
164,4,0.42689327333746035,24.0|34.0|36.0,10.000|10.607|19.059|25.000
165,2,0.48993837821328956,36.0,12.671|25.000
165,3,0.48807115002369633,34.0|36.0,11.546|18.002|25.000
165,4,0.49060415129434354,28.0|34.0|36.0,10.000|11.639|18.002|25.000
166,2,0.4401908246787058,36.0,11.806|25.000
166,3,0.43835763887373624,34.0|36.0,10.895|17.110|25.000
166,4,0.4388999027414408,28.0|34.0|36.0,10.000|10.915|17.110|25.000
167,2,0.43673894463220936,36.0,11.753|25.000
167,3,0.4342270550779387,34.0|36.0,10.617|18.771|25.000
167,4,0.43513519290789404,28.0|34.0|36.0,10.000|10.660|18.771|25.000
168,2,0.46242876542063927,36.0,12.306|25.000
168,3,0.4593236844852695,34.0|36.0,11.157|19.179|25.000
168,4,0.4627841983313061,24.0|34.0|36.0,10.000|11.240|19.179|25.000
169,2,0.4276896298636712,36.0,12.025|25.000
169,3,0.42412700027930766,34.0|36.0,10.861|19.469|25.000
169,4,0.42410624468681496,28.0|34.0|36.0,11.239|10.856|19.469|25.000
170,2,0.4528967440602066,36.0,12.447|25.000
170,3,0.449119410053724,34.0|36.0,11.178|19.708|25.000
170,4,0.4499656716762495,28.0|34.0|36.0,10.000|11.207|19.708|25.000
171,2,0.46126057113585917,36.0,12.284|25.000
171,3,0.4562664896505391,34.0|36.0,10.556|19.686|25.000
171,4,0.47197818801688857,24.0|34.0|36.0,10.000|10.991|19.686|25.000
172,2,0.49832556585827065,36.0,12.670|25.000
172,3,0.4952614741028928,34.0|36.0,11.193|18.551|25.000
172,4,0.49625005400196953,28.0|34.0|36.0,10.000|11.252|18.551|25.000
173,2,0.3918930657175985,36.0,11.145|25.000
173,3,0.38971089694537786,34.0|36.0,10.104|15.927|25.000
173,4,0.39277686142920804,24.0|34.0|36.0,10.000|10.186|15.927|25.000
174,2,0.4314581611377726,36.0,11.965|25.000
174,3,0.42917751377639807,34.0|36.0,10.925|18.590|25.000
174,4,0.43617759912219106,28.0|34.0|36.0,10.000|11.117|18.590|25.000
175,2,0.3993851711632231,36.0,11.360|25.000
175,3,0.40486530358894524,34.0|36.0,10.000|18.256|25.000
175,4,0.40486530358894524,28.0|34.0|36.0,10.000|10.000|18.256|25.000
176,2,0.38190833870661484,36.0,11.598|25.000
176,3,0.37762443820857267,34.0|36.0,10.118|19.087|25.000
176,4,0.3806529893019478,24.0|34.0|36.0,10.000|10.195|19.087|25.000
177,2,0.4045006796557633,36.0,11.584|25.000
177,3,0.40305036859599597,34.0|36.0,10.960|16.526|25.000
177,4,0.41550835408928605,24.0|34.0|36.0,10.000|11.274|16.526|25.000
178,2,0.398663343474865,36.0,11.383|25.000
178,3,0.3995015410157033,34.0|36.0,10.000|16.883|25.000
178,4,0.3995015410157033,24.0|34.0|36.0,10.000|10.000|16.883|25.000
179,2,0.4207361770445704,36.0,12.142|25.000
179,3,0.4171516288970077,34.0|36.0,10.854|18.264|25.000
179,4,0.4189946102546124,28.0|34.0|36.0,10.000|10.898|18.264|25.000
180,2,0.4540549726692078,36.0,12.238|25.000
180,3,0.4498671226661395,34.0|36.0,10.872|19.875|25.000
180,4,0.4528751246618497,24.0|34.0|36.0,10.000|10.954|19.875|25.000
181,2,0.4359981980557351,36.0,12.149|25.000
181,3,0.43240296566700726,34.0|36.0,10.711|18.410|25.000
181,4,0.4354327947630245,24.0|34.0|36.0,10.000|10.794|18.410|25.000
182,2,0.4314925645242867,36.0,11.849|25.000
182,3,0.4285200396995126,34.0|36.0,10.651|17.669|25.000
182,4,0.4290560436881939,28.0|34.0|36.0,10.000|10.670|17.669|25.000
183,2,0.41334519465267655,36.0,11.789|25.000
183,3,0.4110922283107879,34.0|36.0,10.723|17.239|25.000
183,4,0.4171457449194226,24.0|34.0|36.0,10.000|10.886|17.239|25.000
184,2,0.4308359655585366,36.0,12.057|25.000
184,3,0.42915270909367503,34.0|36.0,11.095|17.147|25.000
184,4,0.43350390481642564,28.0|34.0|36.0,10.000|11.223|17.147|25.000
185,2,0.4185777652801746,36.0,11.888|25.000
185,3,0.41547670151752786,34.0|36.0,10.607|18.842|25.000
185,4,0.41848425627389113,24.0|34.0|36.0,10.000|10.686|18.842|25.000
186,2,0.44596458912675996,36.0,12.354|25.000
186,3,0.4435473605822506,34.0|36.0,11.305|18.816|25.000
186,4,0.4465396667591724,24.0|34.0|36.0,10.000|11.387|18.816|25.000
187,2,0.48231687259983247,36.0,12.663|25.000
187,3,0.4804173556798194,34.0|36.0,11.694|17.593|25.000
187,4,0.4834160253455949,24.0|34.0|36.0,10.000|11.781|17.593|25.000
188,2,0.46417917698103756,36.0,12.634|25.000
188,3,0.45954643254824806,34.0|36.0,10.929|19.595|25.000
188,4,0.4643014201440323,28.0|34.0|36.0,10.000|11.074|19.595|25.000
189,2,0.39181733255981205,36.0,11.574|25.000
189,3,0.38905150853693415,34.0|36.0,10.395|17.873|25.000
189,4,0.3985647866986938,24.0|34.0|36.0,10.000|10.631|17.873|25.000
190,2,0.4334010042669496,36.0,11.959|25.000
190,3,0.43117467124092723,34.0|36.0,10.889|17.878|25.000
190,4,0.4311812415912082,28.0|34.0|36.0,10.792|10.891|17.878|25.000
191,2,0.4041519730935383,36.0,11.622|25.000
191,3,0.40037149387440707,34.0|36.0,10.275|18.253|25.000
191,4,0.40995803823684523,24.0|34.0|36.0,10.000|10.516|18.253|25.000
192,2,0.4345542478988492,36.0,12.398|25.000
192,3,0.43183830033916126,32.0|36.0,10.043|15.816|25.000
192,4,0.43155754097158316,32.0|34.0|36.0,10.043|14.716|17.135|25.000
193,2,0.49758714916771674,36.0,12.738|25.000
193,3,0.4940760563826985,34.0|36.0,11.340|18.823|25.000
193,4,0.5031971967552669,24.0|34.0|36.0,10.000|11.612|18.823|25.000
194,2,0.4487528897271266,36.0,12.426|25.000
194,3,0.4460646178709637,34.0|36.0,11.334|18.737|25.000
194,4,0.448845559818977,28.0|34.0|36.0,10.000|11.437|18.737|25.000
195,2,0.44654831778026277,36.0,12.421|25.000
195,3,0.443094617792177,34.0|36.0,11.085|18.632|25.000
195,4,0.4491227316037317,24.0|34.0|36.0,10.000|11.252|18.632|25.000
196,2,0.44681363505307153,36.0,12.126|25.000
196,3,0.44363280373786323,34.0|36.0,10.839|18.512|25.000
196,4,0.44839412967466163,28.0|34.0|36.0,10.000|10.981|18.512|25.000
197,2,0.4353713275146669,36.0,12.132|25.000
197,3,0.4315570464085896,34.0|36.0,10.545|18.653|25.000
197,4,0.434597921046861,24.0|34.0|36.0,10.000|10.629|18.653|25.000
198,2,0.48352149699152774,36.0,13.061|25.000
198,3,0.4808897566478249,32.0|36.0,10.000|17.634|25.000
198,4,0.48047056645120756,32.0|34.0|36.0,10.000|16.661|18.996|25.000
199,2,0.47275649261310343,36.0,12.642|25.000
199,3,0.4701927122769416,34.0|36.0,11.590|18.073|25.000
199,4,0.47202830539369606,28.0|34.0|36.0,10.000|11.639|18.073|25.000
200,2,0.4731639884773528,36.0,13.014|25.000
200,3,0.4678716172558345,32.0|36.0,10.134|17.615|25.000
200,4,0.46774498732280906,32.0|34.0|36.0,10.134|17.165|18.184|25.000
201,2,0.3965746991096804,36.0,11.569|25.000
201,3,0.39377493781112505,34.0|36.0,10.462|18.762|25.000
201,4,0.3943054299073167,28.0|34.0|36.0,10.000|10.477|18.762|25.000
202,2,0.43754861656529337,36.0,11.818|25.000
202,3,0.4325367771246098,34.0|36.0,10.157|19.374|25.000
202,4,0.4360494230590306,24.0|34.0|36.0,10.000|10.240|19.374|25.000
203,2,0.48099243386407553,36.0,12.435|25.000
203,3,0.4792958986573315,34.0|36.0,11.658|17.249|25.000
203,4,0.48113270090273696,28.0|34.0|36.0,10.000|11.708|17.249|25.000
204,2,0.45520113151779007,36.0,12.180|25.000
204,3,0.4520458494986708,34.0|36.0,10.908|19.015|25.000
204,4,0.4550647229622051,24.0|34.0|36.0,10.000|10.992|19.015|25.000
205,2,0.42798744424044544,36.0,12.108|25.000
205,3,0.42422956334650214,34.0|36.0,10.642|19.098|25.000
205,4,0.4272635425212394,24.0|34.0|36.0,10.000|10.723|19.098|25.000
206,2,0.44075009353773065,36.0,11.850|25.000
206,3,0.43837035867528107,34.0|36.0,10.680|18.171|25.000
206,4,0.4383638541616132,28.0|34.0|36.0,10.792|10.678|18.171|25.000
207,2,0.41115054109206484,36.0,12.055|25.000
207,3,0.4093766564252754,34.0|36.0,11.112|17.516|25.000
207,4,0.41666862498908613,28.0|34.0|36.0,10.000|11.310|17.516|25.000
208,2,0.48749763045806077,36.0,13.297|25.000
208,3,0.4825840555037225,32.0|36.0,10.136|17.501|25.000
208,4,0.4819511218204502,32.0|34.0|36.0,10.136|16.056|19.352|25.000
209,2,0.43324427185602027,36.0,12.089|25.000
209,3,0.4303847880432712,34.0|36.0,10.958|18.385|25.000
209,4,0.4339088240142724,28.0|34.0|36.0,10.000|11.055|18.385|25.000
210,2,0.45442521820100873,36.0,12.464|25.000
210,3,0.4513608000225179,34.0|36.0,11.198|19.034|25.000
210,4,0.4543645295933622,24.0|34.0|36.0,10.000|11.281|19.034|25.000
211,2,0.4613527311842839,36.0,12.600|25.000
211,3,0.45733119416636925,34.0|36.0,11.190|19.885|25.000
211,4,0.4633235085388107,24.0|34.0|36.0,10.000|11.356|19.885|25.000
212,2,0.4536352666987257,36.0,12.338|25.000
212,3,0.4513758945384315,34.0|36.0,11.572|18.279|25.000
212,4,0.4548203110616924,32.0|34.0|36.0,10.000|15.598|18.279|25.000
213,2,0.4750847880462715,36.0,13.047|25.000
213,3,0.4711530085024159,34.0|36.0,11.632|19.867|25.000
213,4,0.47582471025587686,28.0|34.0|36.0,10.000|11.780|19.867|25.000
214,2,0.4177401376672489,36.0,11.887|25.000
214,3,0.41470277130936894,34.0|36.0,10.597|17.722|25.000
214,4,0.42428272777667403,24.0|34.0|36.0,10.000|10.846|17.722|25.000
215,2,0.4051278684765417,36.0,11.734|25.000
215,3,0.40053806265526487,34.0|36.0,10.038|19.005|25.000
215,4,0.40658703927344997,28.0|34.0|36.0,10.000|10.200|19.005|25.000
216,2,0.42481654764361576,36.0,12.226|25.000
216,3,0.42257505370712256,34.0|36.0,11.227|18.181|25.000
216,4,0.42931284341274006,32.0|34.0|36.0,10.000|14.185|18.181|25.000
217,2,0.4278307512357944,36.0,11.804|25.000
217,3,0.42631610402307146,34.0|36.0,11.027|17.138|25.000
217,4,0.4293098393977038,24.0|34.0|36.0,10.000|11.108|17.138|25.000
218,2,0.4213106675372431,36.0,12.022|25.000
218,3,0.4170421327154945,34.0|36.0,10.679|20.335|25.000
218,4,0.42004132001755873,24.0|34.0|36.0,10.000|10.757|20.335|25.000
219,2,0.4361715832838781,36.0,12.286|25.000
219,3,0.4334762765959894,34.0|36.0,11.186|18.295|25.000
219,4,0.4369843514248646,28.0|34.0|36.0,10.000|11.285|18.295|25.000
220,2,0.4534746340262688,36.0,12.635|25.000
220,3,0.45025596998760414,34.0|36.0,11.325|19.391|25.000
220,4,0.45028736282082577,28.0|34.0|36.0,10.792|11.333|19.391|25.000
221,2,0.41184571646011836,36.0,11.770|25.000
221,3,0.41010504970222306,34.0|36.0,10.858|16.631|25.000
221,4,0.4135849928579411,24.0|34.0|36.0,10.000|10.939|16.631|25.000
222,2,0.39759272438864646,36.0,11.211|25.000
222,3,0.3999902169357086,34.0|36.0,10.000|19.459|25.000
222,4,0.40272596560479623,24.0|34.0|36.0,10.000|10.072|19.459|25.000
223,2,0.4395943092003646,36.0,12.444|25.000
223,3,0.4358663646522822,34.0|36.0,11.256|19.405|25.000
223,4,0.4452468724125591,32.0|34.0|36.0,10.000|14.901|19.405|25.000
224,2,0.44457807269669325,36.0,12.615|25.000
224,3,0.44148239562302294,34.0|36.0,11.129|18.038|25.000
224,4,0.44449308899572726,24.0|34.0|36.0,10.000|11.215|18.038|25.000
225,2,0.4590313291085968,36.0,12.724|25.000
225,3,0.45475987387179245,34.0|36.0,10.946|18.903|25.000
225,4,0.4548678575793614,28.0|34.0|36.0,10.000|10.968|18.903|25.000
226,2,0.44776340449192714,36.0,12.505|25.000
226,3,0.4458685714447437,34.0|36.0,11.679|17.716|25.000
226,4,0.449350156587372,28.0|34.0|36.0,10.000|11.779|17.716|25.000
227,2,0.3694820863584643,36.0,11.147|25.000
227,3,0.3702281438512877,34.0|36.0,10.000|18.018|25.000
227,4,0.37233627585599294,24.0|34.0|36.0,10.000|10.056|18.018|25.000
228,2,0.43857635982958504,36.0,12.323|25.000
228,3,0.4351580255832749,34.0|36.0,11.197|20.144|25.000
228,4,0.4376197713248999,28.0|34.0|36.0,10.000|11.287|20.144|25.000
229,2,0.4299789384469726,36.0,11.859|25.000
229,3,0.4271700843718636,34.0|36.0,10.608|18.709|25.000
229,4,0.4301879230492154,24.0|34.0|36.0,10.000|10.689|18.709|25.000
230,2,0.4226492290747449,36.0,12.238|25.000
230,3,0.41966320076984776,34.0|36.0,11.125|19.330|25.000
230,4,0.42185276498203966,28.0|34.0|36.0,10.000|11.196|19.330|25.000
231,2,0.45319700796409473,36.0,12.258|25.000
231,3,0.44897814738352715,34.0|36.0,10.627|20.037|25.000
231,4,0.4550497576959803,24.0|34.0|36.0,10.000|10.794|20.037|25.000
232,2,0.4590169434690658,36.0,12.971|25.000
232,3,0.4564323656633295,34.0|36.0,11.753|18.385|25.000
232,4,0.456494276511903,28.0|34.0|36.0,10.792|11.767|18.385|25.000
233,2,0.5002451264228597,36.0,12.813|25.000
233,3,0.4980654272874575,34.0|36.0,11.726|18.636|25.000
233,4,0.5010474426707617,24.0|34.0|36.0,10.000|11.813|18.636|25.000
234,2,0.39869259438967375,36.0,11.274|25.000
234,3,0.3964649556542351,34.0|36.0,10.380|17.902|25.000
234,4,0.39948563422746514,24.0|34.0|36.0,10.000|10.457|17.902|25.000
235,2,0.41591727890278085,36.0,11.681|25.000
235,3,0.413892081991146,34.0|36.0,10.779|17.687|25.000
235,4,0.422455375228175,28.0|34.0|36.0,10.000|11.007|17.687|25.000
236,2,0.5052994401157047,36.0,12.705|25.000
236,3,0.5016910413758994,34.0|36.0,11.457|20.090|25.000
236,4,0.5121024551731547,32.0|34.0|36.0,10.000|15.830|20.090|25.000
237,2,0.4221590472372342,36.0,12.185|25.000
237,3,0.41997115933762946,34.0|36.0,11.021|17.448|25.000
237,4,0.4209031301580099,28.0|34.0|36.0,10.000|11.071|17.448|25.000
238,2,0.4098553261072957,36.0,11.891|25.000
238,3,0.40719413901671636,34.0|36.0,10.951|17.819|25.000
238,4,0.4106852856290604,24.0|34.0|36.0,10.000|11.030|17.819|25.000
239,2,0.42311972371467943,36.0,12.517|25.000
239,3,0.41881196314994396,34.0|36.0,11.054|19.055|25.000
239,4,0.4222811213951012,24.0|34.0|36.0,10.000|11.134|19.055|25.000
240,2,0.396882128094928,36.0,11.573|25.000
240,3,0.3944433693563991,34.0|36.0,10.585|18.232|25.000
240,4,0.40093813228888114,24.0|34.0|36.0,10.000|10.740|18.232|25.000
241,2,0.40688750962102677,36.0,11.456|25.000
241,3,0.4037431345509942,34.0|36.0,10.042|17.881|25.000
241,4,0.41161439579125364,28.0|34.0|36.0,10.000|10.259|17.881|25.000
242,2,0.5082712622773926,36.0,13.278|25.000
242,3,0.5049746634373201,32.0|36.0,10.891|16.503|25.000
242,4,0.5046829702478562,32.0|34.0|36.0,10.891|15.339|18.017|25.000
243,2,0.42949407275898766,36.0,11.728|25.000
243,3,0.42710425893044557,34.0|36.0,10.753|17.248|25.000
243,4,0.43059249293029733,24.0|34.0|36.0,10.000|10.835|17.248|25.000
244,2,0.4786775418285606,36.0,12.732|25.000
244,3,0.47498940389228494,32.0|36.0,10.062|15.936|25.000
244,4,0.4740971228105148,32.0|34.0|36.0,10.062|14.179|18.387|25.000
245,2,0.42677672187181187,36.0,12.257|25.000
245,3,0.4227545995556021,34.0|36.0,10.843|20.230|25.000
245,4,0.42616156294133334,28.0|34.0|36.0,10.000|10.953|20.230|25.000
246,2,0.3888920223098803,36.0,11.392|25.000
246,3,0.38661248235014595,34.0|36.0,10.333|17.820|25.000
246,4,0.38623241351866316,28.0|34.0|36.0,15.783|10.278|17.820|25.000
247,2,0.4986208399253596,36.0,13.121|25.000
247,3,0.4941180856131398,32.0|36.0,10.362|16.971|25.000
247,4,0.49389555116426404,32.0|34.0|36.0,10.362|15.804|18.381|25.000
248,2,0.44122397673758085,36.0,12.002|25.000
248,3,0.43849818056651946,34.0|36.0,10.989|19.426|25.000
248,4,0.44494301654415164,24.0|34.0|36.0,10.000|11.148|19.426|25.000
249,2,0.41907210635150866,36.0,11.937|25.000
249,3,0.41684649754419745,34.0|36.0,11.030|18.287|25.000
249,4,0.4198265907331289,24.0|34.0|36.0,10.000|11.109|18.287|25.000
250,2,0.4513041528585053,36.0,12.014|25.000
250,3,0.448202344385195,34.0|36.0,10.661|17.887|25.000
250,4,0.45120774014888554,28.0|34.0|36.0,10.000|10.746|17.887|25.000
251,2,0.43382018686983836,36.0,12.455|25.000
251,3,0.4322172564952421,34.0|36.0,11.592|17.821|25.000
251,4,0.4330717107349435,28.0|34.0|36.0,10.000|11.624|17.821|25.000
252,2,0.4356690488046934,36.0,11.998|25.000
252,3,0.43424434532903095,34.0|36.0,11.224|17.149|25.000
252,4,0.43594269768175375,28.0|34.0|36.0,10.000|11.282|17.149|25.000
253,2,0.3796205131483974,36.0,11.411|25.000
253,3,0.37748089605935736,34.0|36.0,10.492|16.887|25.000
253,4,0.38080473867136766,28.0|34.0|36.0,10.000|10.586|16.887|25.000
254,2,0.445855171304979,36.0,12.144|25.000
254,3,0.44300033385011045,34.0|36.0,11.071|18.241|25.000
254,4,0.4470721763808159,28.0|34.0|36.0,10.000|11.193|18.241|25.000
255,2,0.44356342065511295,36.0,12.352|25.000
255,3,0.44031657922324874,34.0|36.0,11.008|19.173|25.000
255,4,0.4433176578656185,24.0|34.0|36.0,10.000|11.090|19.173|25.000
256,2,0.42396410608829327,36.0,12.000|25.000
256,3,0.42070189447785333,34.0|36.0,10.802|19.170|25.000
256,4,0.4252878085496595,28.0|34.0|36.0,10.000|10.936|19.170|25.000
257,2,0.46179256137512553,36.0,12.730|25.000
257,3,0.4569163236282709,34.0|36.0,11.101|19.800|25.000
257,4,0.45776170072000805,28.0|34.0|36.0,10.000|11.130|19.800|25.000
258,2,0.4021831809739785,36.0,11.363|25.000
258,3,0.4047341283945771,34.0|36.0,10.000|18.705|25.000
258,4,0.4047341283945772,24.0|34.0|36.0,10.000|10.000|18.705|25.000
259,2,0.4185753751218679,36.0,11.785|25.000
259,3,0.41579399418225865,34.0|36.0,10.639|19.091|25.000
259,4,0.422678598060354,28.0|34.0|36.0,10.000|10.827|19.091|25.000
260,2,0.4266548369724753,36.0,12.175|25.000
260,3,0.42446118026695,34.0|36.0,11.111|18.277|25.000
260,4,0.4274375906362378,24.0|34.0|36.0,10.000|11.191|18.277|25.000
261,2,0.4135833449458548,36.0,11.657|25.000
261,3,0.41093807946524924,34.0|36.0,10.495|17.877|25.000
261,4,0.41701232543710975,24.0|34.0|36.0,10.000|10.657|17.877|25.000
262,2,0.4240992431772183,36.0,12.012|25.000
262,3,0.4203017851377798,34.0|36.0,10.493|18.495|25.000
262,4,0.4529501450915965,30.0|34.0|36.0,10.000|11.816|18.495|25.000
263,2,0.4508290548459701,36.0,12.284|25.000
263,3,0.4491051026813788,34.0|36.0,11.485|17.389|25.000
263,4,0.4496374264189292,28.0|34.0|36.0,10.000|11.554|17.389|25.000
264,2,0.46385111888239083,36.0,12.273|25.000
264,3,0.4620813347098814,34.0|36.0,11.394|17.963|25.000
264,4,0.46741788543131185,28.0|34.0|36.0,10.000|11.544|17.963|25.000
265,2,0.43804125785039666,36.0,11.997|25.000
265,3,0.433720810002364,34.0|36.0,10.468|18.875|25.000
265,4,0.4364090075328155,28.0|34.0|36.0,10.000|10.537|18.875|25.000
266,2,0.4344780679417795,36.0,12.050|25.000
266,3,0.43151869070744575,34.0|36.0,10.936|18.908|25.000
266,4,0.4404766019122808,24.0|34.0|36.0,10.000|11.178|18.908|25.000
267,2,0.3954192851027179,36.0,11.339|25.000
267,3,0.3983252218454839,24.0|36.0,10.000|11.410|25.000
267,4,0.3996714188432437,24.0|34.0|36.0,10.000|10.000|18.905|25.000
268,2,0.4420109206224758,36.0,12.016|25.000
268,3,0.4381939410695093,34.0|36.0,10.617|19.857|25.000
268,4,0.44121235511493523,24.0|34.0|36.0,10.000|10.698|19.857|25.000
269,2,0.43436764376016135,36.0,12.225|25.000
269,3,0.43068915735671,34.0|36.0,10.791|18.734|25.000
269,4,0.43152646325166233,28.0|34.0|36.0,10.000|10.817|18.734|25.000
270,2,0.4330946209697297,36.0,11.813|25.000
270,3,0.4294647879115358,34.0|36.0,10.345|18.820|25.000
270,4,0.4355557920924038,24.0|34.0|36.0,10.000|10.510|18.820|25.000
271,2,0.46402487229771533,36.0,12.408|25.000
271,3,0.4621145766756406,34.0|36.0,11.517|18.035|25.000
271,4,0.46913521172558686,28.0|34.0|36.0,10.000|11.723|18.035|25.000
272,2,0.47020060086713034,36.0,12.777|25.000
272,3,0.4672544394971365,34.0|36.0,11.644|19.970|25.000
272,4,0.469186498592665,28.0|34.0|36.0,10.000|11.718|19.970|25.000
273,2,0.4335149506492231,36.0,11.864|25.000
273,3,0.4301436442744186,34.0|36.0,10.486|18.874|25.000
273,4,0.44974093990593755,32.0|34.0|36.0,10.000|14.013|18.874|25.000
274,2,0.4744851501251487,36.0,12.371|25.000
274,3,0.47112684329298476,34.0|36.0,10.980|18.887|25.000
274,4,0.48236444990912725,28.0|34.0|36.0,10.000|11.305|18.887|25.000
275,2,0.46408318217756367,36.0,12.881|25.000
275,3,0.4607740937076439,34.0|36.0,11.614|19.572|25.000
275,4,0.46374676210441396,24.0|34.0|36.0,10.000|11.697|19.572|25.000
276,2,0.4823975915093051,36.0,12.508|25.000
276,3,0.47925548973390664,34.0|36.0,11.148|18.846|25.000
276,4,0.48541026897147593,32.0|34.0|36.0,10.000|15.530|18.846|25.000
277,2,0.4756440702423746,36.0,12.830|25.000
277,3,0.4724199160916818,34.0|36.0,11.653|18.751|25.000
277,4,0.4762379051652958,28.0|34.0|36.0,10.000|11.765|18.751|25.000
278,2,0.4215168421370085,36.0,11.874|25.000
278,3,0.41938392025338866,34.0|36.0,10.867|17.520|25.000
278,4,0.42886351239058235,24.0|34.0|36.0,10.000|11.112|17.520|25.000
279,2,0.381514583042166,34.0,10.644|19.768
279,3,0.3806933104459661,34.0|36.0,10.644|17.544|24.369
279,4,0.38670470637013205,24.0|34.0|36.0,10.000|10.799|17.544|24.369
280,2,0.4596027618235385,36.0,12.399|25.000
280,3,0.45497502128659206,34.0|36.0,10.684|19.485|25.000
280,4,0.45498265428625784,28.0|34.0|36.0,10.571|10.686|19.485|25.000
281,2,0.5235856860915795,36.0,12.912|25.000
281,3,0.5214799584179,34.0|36.0,11.740|18.081|25.000
281,4,0.5231656910406448,32.0|34.0|36.0,10.000|15.727|18.081|25.000
282,2,0.3912730288625123,36.0,11.423|25.000
282,3,0.38903809333187034,34.0|36.0,10.384|17.133|25.000
282,4,0.39856605739116224,24.0|34.0|36.0,10.000|10.622|17.133|25.000
283,2,0.4479503916634996,36.0,12.131|25.000
283,3,0.44510616896387495,34.0|36.0,10.969|17.732|25.000
283,4,0.44814331708149624,24.0|34.0|36.0,10.000|11.053|17.732|25.000
284,2,0.46956349181019763,36.0,12.331|25.000
284,3,0.4671981414082112,34.0|36.0,11.307|18.438|25.000
284,4,0.4689127645384756,28.0|34.0|36.0,10.000|11.368|18.438|25.000
285,2,0.4139145751846653,36.0,11.979|25.000
285,3,0.4102212882941687,34.0|36.0,10.538|18.941|25.000
285,4,0.4101174543108325,28.0|34.0|36.0,11.239|10.516|18.941|25.000
286,2,0.4239861345597692,36.0,11.251|25.000
286,3,0.4274457295530002,24.0|36.0,10.000|11.325|25.000
286,4,0.4323524211144539,24.0|28.0|36.0,10.000|10.000|11.489|25.000
287,2,0.4357019506784832,36.0,11.901|25.000
287,3,0.4322593280371074,34.0|36.0,10.524|18.274|25.000
287,4,0.44139660091091815,24.0|34.0|36.0,10.000|10.777|18.274|25.000
288,2,0.5227386088820885,36.0,13.561|25.000
288,3,0.5191946357907888,32.0|36.0,10.575|17.148|25.000
288,4,0.518063694883061,32.0|34.0|36.0,10.575|15.705|21.136|25.000
289,2,0.4686771137162849,36.0,12.689|25.000
289,3,0.46645602255660806,34.0|36.0,11.698|18.591|25.000
289,4,0.4723801747225716,24.0|34.0|36.0,10.000|11.866|18.591|25.000
290,2,0.4435089730113045,36.0,12.237|25.000
290,3,0.4408739957839495,34.0|36.0,11.049|17.706|25.000
290,4,0.4469167027227562,24.0|34.0|36.0,10.000|11.218|17.706|25.000
291,2,0.45988288082517276,36.0,12.483|25.000
291,3,0.4573241313435624,34.0|36.0,11.283|18.517|25.000
291,4,0.45816995369668867,28.0|34.0|36.0,10.000|11.314|18.517|25.000
292,2,0.45530699225065974,36.0,12.315|25.000
292,3,0.4522822588999411,34.0|36.0,11.176|19.230|25.000
292,4,0.4552691961647156,24.0|34.0|36.0,10.000|11.258|19.230|25.000
293,2,0.4523359163186845,36.0,12.621|25.000
293,3,0.4496233874194238,34.0|36.0,11.375|17.374|25.000
293,4,0.4537242801806559,28.0|34.0|36.0,10.000|11.508|17.374|25.000
294,2,0.449425866316772,36.0,12.197|25.000
294,3,0.4466689967391402,34.0|36.0,11.051|18.108|25.000
294,4,0.44851197743718857,28.0|34.0|36.0,10.000|11.097|18.108|25.000
295,2,0.41414333533375014,36.0,11.440|25.000
295,3,0.41411034654674217,28.0|36.0,11.664|11.435|25.000
295,4,0.4170137607729365,24.0|28.0|36.0,10.000|15.783|11.435|25.000
296,2,0.47802732618567256,36.0,12.399|25.000
296,3,0.47451814847764995,34.0|36.0,10.994|18.738|25.000
296,4,0.4755242441362712,28.0|34.0|36.0,10.000|11.053|18.738|25.000
297,2,0.45235534158441937,36.0,12.533|25.000
297,3,0.4492463091938434,34.0|36.0,11.312|18.964|25.000
297,4,0.4509501962836199,28.0|34.0|36.0,10.000|11.372|18.964|25.000
298,2,0.444824312910804,36.0,11.731|25.000
298,3,0.44159188317995945,34.0|36.0,10.555|18.629|25.000
298,4,0.4418665511031237,28.0|34.0|36.0,15.783|10.527|18.629|25.000
299,2,0.4337959952323119,36.0,12.152|25.000
299,3,0.4312332143501789,34.0|36.0,10.870|17.794|25.000
299,4,0.4382765577353736,28.0|34.0|36.0,10.000|11.071|17.794|25.000
