group,n,p_observed,p_model,calibration_type,error
G1,111,0.8468468468468469,0.8297681603838875,BMI组,0.017078686462959403
G2,33,0.9090909090909091,0.8099638503789028,BMI组,0.09912705871200622
G3,49,0.8367346938775511,0.7891369909453184,BMI组,0.047597702932232644
G4,34,0.8235294117647058,0.7631529154277641,BMI组,0.060376496336941754
G5,40,0.625,0.7206331769389634,BMI组,-0.09563317693896345
11-12,55,0.8545454545454545,0.7968583504976007,孕周带,0.05768710404785382
12-13,111,0.8018018018018018,0.792423657690649,孕周带,0.009378144111152786
13-15,96,0.8125,0.7971061010814996,孕周带,0.015393898918500404
15-20,3,0.6666666666666666,0.8214626450582281,孕周带,-0.15479597839156145
